Geneset,Down_Total_DE,Down_Total_In_Set,Down_Total_DE_In_Set,Down_Pvalue,Down_Odds,Down_DEGenesInSet
miR-27abc/27a-3p,711,888,96,0.00114793642852918,1.42944542534067,Sema7a;Ikzf2;Ppm1e;Fosb;Spry1;Slc7a11;Sept11;Lox;Nfatc1;Nfkbid;Lpar6;Xkrx;Pitpnm2;Mitf;Tspyl5;Spry2;Aqp11;1810011O10Rik;Sub1;Zfp516;Prkaa2;Zbtb10;Ptprj;Adgrl2;Pknox2;Pappa;Pank1;Hivep2;Cd28;Tox;Nln;Ntn1;Med14;Hapln1;Fam222a;Ube2v1;Gria4;Atp2b1;Pde3a;Sh3rf1;Gab1;Pde1a;Fzd3;Grm5;Arx;Fgd6;Ikzf1;Sox8;Bend4;Tbkbp1;Prr3;C77370;Cemip;Lpin2;Ephb2;Lonrf1;Tmprss11f;Ebf3;Vangl1;Shc4;Csf1;Fam91a1;Srrd;Adgrg6;Fbxw7;Pappa2;Smoc2;Smad9;Fgf1;Gria3;Nfasc;Six1;Gatad2a;Glipr2;Sema6d;Nav1;Sdpr;Dcc;Nek6;Mmp16;Nap1l2;Cnr1;Acta2;2010300C02Rik;Sema3b;Rnf207;Peak1;Shb;AI846148;Chst2;Galnt3;Fam196a;Chrm1;Zfp704;Foxp2;Tead1
miR-143/1721/4770,711,220,30,0.0016906748336691,1.82103780552885,Ppm1e;Dennd4c;Nfatc1;Psd3;Rbm24;Mboat2;Asap3;Phf6;Ttpa;Hdac7;Igfbp5;A1cf;Ptpn14;Dgkb;Dnajc3;Lmo4;C77370;Esrrg;Fscn1;Maf;Arhgap26;Fam91a1;Cachd1;Fgf1;Fam117a;Cacna1e;Phactr4;Htr2c;Fam196a;Kcnc1
miR-192/215,711,95,15,0.00384670842390396,2.1454887082469,Frmd4b;Crb2;Alcam;Zeb2;Arhgap36;Col5a1;Adgrg6;Sh2d2a;Dcc;Galntl6;Sh3rf3;Cbl;Fam229b;Igdcc3;Ctnnbip1
miR-410/344de/344b-1-3p,711,458,49,0.018151316500544,1.38185023106332,Cxcr4;Bcl2l11;Fosb;Dgkg;Tec;Fmnl2;Mapre2;Nr4a2;Smoc1;Zfp516;Chd1;Phf6;Adgrl2;Mpped2;Pappa;Elf1;Ntn1;Ccdc175;Grhl3;Mafb;Sort1;Whrn;Bend4;Igsf3;C77370;Cntnap1;Foxd3;Dip2a;Maf;Csf1;Zswim6;Fzd5;Pappa2;Ube2i;Larp6;Lrrc71;Igf2bp1;Dcc;Sh3rf3;Ezr;Gpr137b;Phf19;D16Ertd472e;St18;Tbx20;Elavl4;Foxp2;Tead1;Ctnnbip1
miR-339b/339-5p/3586-5p,711,112,15,0.0183615057112771,1.76576065255852,Bcl6;Egln3;Bcl2l11;Slc7a11;Fbxo30;Myo1c;Shisa7;Celf2;Nck2;Arhgap36;1190002N15Rik;Nfasc;Podxl;Apba1;Fam196a
miR-300/381/539-3p,711,622,63,0.0266933181784428,1.30193231071559,Ikzf2;Bcl2l11;Spry1;Arap2;Basp1;Jup;Sept11;Fmnl2;Mapre2;Frmd4b;Mitf;Rbm24;Smoc1;Sub1;Chd1;Etnk1;Adgrl2;Camta1;Rbpj;Zswim4;Hivep2;Hes1;Fat3;Med14;Celf2;Nkx2-9;Grhl3;Zic1;Crispld1;Lin28a;Fzd3;Grm5;Arx;Lmo4;Grm1;C77370;Frs2;Ano1;Foxd3;Esrrg;Tns1;Rapgefl1;Ebf3;Tgfb3;Klf4;Nfasc;Slc6a8;Gatad2a;Zfp521;Abi3bp;Sema6d;Id4;Wnt5a;Dcc;Fam117a;Phactr4;Apba1;AI846148;Dclk3;Tcf3;St18;Adgrg2;Foxp2
miR-128/128ab,711,784,77,0.0314705539750217,1.26051184209235,Sema7a;Ikzf2;Ppm1e;Fosb;Slc7a11;Arpp21;Lox;Nfatc1;Bmf;Lpar6;Xkrx;Pitpnm2;Mapre2;Spry2;1810011O10Rik;Zfp516;Rasgef1b;Clic4;Mpped2;Pappa;D430041D05Rik;Pank1;Ngp;Nln;Fat3;Med14;Hapln1;Fam222a;Ube2v1;Atp2b1;Pde3a;Sh3rf1;Lin28a;Pde1a;Fzd3;Grm5;Arx;Fgd6;Tacc1;Ikzf1;Npr1;Dvl2;Bend4;Igsf3;Cemip;Ntrk3;Ephb2;Lonrf1;Vangl1;Shc4;En1;Csf1;Fam91a1;Srrd;Adgrg6;Fbxw7;Smad9;Fgf1;Gria3;Klf4;Mapk6;Gatad2a;Syt7;Glipr2;Sema6d;Jchain;Itpkc;Dcc;Nek6;Mpp2;Cnr1;Acta2;Ldlrad3;Peak1;Galnt3;Zfp704;Foxp2
miR-543,711,431,45,0.0323056921081087,1.34061942119316,Als2;2700081O15Rik;Sept11;Ctsl;Fmnl2;Fos;1810011O10Rik;Rbpj;Asxl3;Tox;Celf2;Fam222a;Zic1;Nck2;Efr3b;Raph1;Fzd3;Grm5;Arx;Ttbk1;Bend4;Ttll7;Col16a1;Lpin2;Foxd3;Fgf12;Mlf1;Maf;Chn1;Col5a1;Id4;Aqp4;Dcc;Fam117a;Dlx1;Arhgef2;Rassf10;Apba1;Zfp503;Peak1;Kcnc1;Elavl4;Zfp704;Foxp2;Tead1
miR-29abcd,711,788,76,0.0461344100693722,1.23261373857235,Ppm1e;Spry1;Nebl;Lox;Bmf;Dusp2;Camk4;Pitpnm2;Mapre2;Adam12;Fos;Mllt11;Emid1;Zbtb10;Camta1;Pknox2;Asxl3;Fam167a;Trp53inp2;Gpx7;D430041D05Rik;Hapln1;Celf2;Mafb;Kctd5;Lamc1;Crispld1;Palm;Col4a2;Raph1;Ppp1r15b;Cx3cl1;Pvrl1;Clec3a;Zfp385c;Prr3;C77370;Frat2;Cemip;Ak3;Rapgefl1;Arhgap36;Spast;Mlf1;Metap2;Col5a1;Fzd5;Fbxw7;Col6a3;Wwtr1;Klf4;Syt7;Col6a2;Etv4;Nav1;Aqp4;Baiap2;Hmgn3;Sh3rf3;Rab15;Cnr1;Kif26b;Chmp6;Col24a1;Ldlrad3;Snrpc;Peak1;Hoxc13;D16Ertd472e;Slc6a2;Uhrf1bp1l;Ina;Elavl4;Zfp704;Pi15;Ctnnbip1
miR-145,711,445,45,0.0511797812451849,1.29134109368117,Ikzf2;Colq;Slc7a11;Rnf216;Lox;Tmod1;Trio;Psd3;Nr4a2;Zfp516;Zfp423;Zbtb10;Etnk1;Grb10;Epb41l5;Cd28;Nrip3;Tagln2;Coro2b;Pvrl3;Raph1;Pvrl1;Sult1a1;Fscn1;Ebf3;Maf;Arhgap26;Zswim6;Cachd1;Klf4;Fgf10;Map3k11;Zfp521;Podxl;Nav1;Arhgap24;Sh3rf3;Vasn;Adamts5;Ldlrad3;Inhbb;Elavl4;Zfp704;Csn2;Ctnnbip1
miR-216a,711,147,17,0.0512147521833978,1.49131840266672,Myo1c;Zfp423;Gabra1;Celf2;Lamc1;Cd93;Sorbs2;Cemip;Tnfrsf11a;Adgrg6;Fzd5;Kcnj14;Zfp521;Tcte1;Mmp16;Htr2c;Slc1a3
miR-140/140-5p/876-3p/1244,711,201,22,0.0584027638072477,1.4030808988264,Dusp16;Ctsl;Hdac7;Igfbp5;Egr2;Celf2;Ube2v1;Bend4;Igsf3;Cemip;Cdhr3;Lonrf1;Gdap1;Ube2i;Wnt1;Plekhg3;Adgrl4;Mpp2;Adamts5;Wnt9a;Foxp2;Tead1
let-7/98/4458/4500,711,844,80,0.0587009671155145,1.2082115905501,Rorc;Ikzf2;Slc9a9;Tnfaip3;Trib1;Dusp16;Angptl2;Smim3;Fbxo30;Psd3;Myo1f;Frmd4b;Pld3;Tspan2;Sub1;Zfp516;Meis3;Zmat4;Prkaa2;Zbtb10;Etnk1;Ralb;Rbpj;Sec16b;Pappa;Cap2;Pak1;Socs1;Ntn1;Gcnt4;Scn4b;Crb2;Dusp4;Prkab2;Dzip1;Col4a2;Lin28a;Fzd3;Ppp1r15b;Fgd6;Sema4g;Nat8l;Plekhg6;Thrsp;Sh2b3;Bend4;Adrb3;Tbkbp1;Polr3d;Frs2;Tmprss11f;Igf2bp2;Reep1;Osmr;Cdv3;Tnfaip8l3;Mapk6;Syt7;Wnt1;Fam214b;Nhsl2;Nme4;Aqp4;Panx2;Igf2bp1;Cacna1e;Baiap2;Rab15;Apba1;Adamts5;Col24a1;Peak1;AI846148;Pbx3;Fbxl12;Igdcc3;Wnt9a;Kcnc1;Foxp2;Tor1aip2
miR-191,711,44,6,0.0622398393167035,1.79312629368842,Mapre2;Fzd5;Dlx1;Tlx3;Nrcam;Tor1aip2
miR-182,711,803,76,0.0652174264431275,1.20471218109395,Myb;Hecw2;Ppm1e;Rab19;Mitf;Cbarp;Myo1c;Csnk1e;Adgrl2;Atat1;Camta1;Grb10;Asxl3;Fam167a;Trp53inp2;Chst11;Tox;Hes1;Fat3;Gcnt4;Med14;Rab34;Celf2;Vat1;Sort1;Lonrf2;Fzd3;Sept7;Kif19a;Grm5;Ppp1r15b;Tacc1;Tbr1;Ikzf1;Nat8l;Tnk2;Rgs2;Bend4;Igsf3;C77370;Frs2;Esrrg;Clvs1;Lmtk3;Tns1;Ebf3;Shc4;Adam22;Reep1;Col5a1;Cdv3;Fam91a1;Fbxw7;Kcnj14;Sh3bp4;1190002N15Rik;Sowahb;Gria3;Nfasc;Plod2;Glipr2;Podxl;Bcl2l12;Mgat4c;Amph;Igf2bp1;Igsf10;Ezr;Dab1;Tmem198;Nrcam;Limch1;Elavl4;Zfp704;Foxp2;Tead1
miR-342-3p,711,173,19,0.0678816165523201,1.40681457802375,Sept11;Fbxo30;Plcl1;Prkaa2;Pak1;Fam222a;Ptpn14;Bend4;Zeb2;Csf1;Fgf1;Fgf10;Tcte1;Cst6;Flnc;Nhsl2;Id4;Sh2b1;Adgrg2
miR-374ab,711,455,45,0.0690144259092758,1.25820307881587,Ikzf2;Fosb;Gadd45a;Mapre2;Adam12;Nr4a2;Spry2;Zfp423;Adgrl2;Sap30;Pappa;Hivep2;Kansl1l;Hes1;Nln;Dennd4a;Ntn1;Hapln1;Metrnl;Synpo2;Tacc1;Bend4;Zeb2;Ttll7;Frs2;Cemip;Foxd3;Esrrg;Ebf3;En1;Spast;Zswim6;Fzd5;Pappa2;1190002N15Rik;Hr;Mapk6;Id4;Wnt5a;Lrrc71;Mpp2;Col24a1;Inhbb;Fam196a;Elavl4
miR-377,711,323,33,0.0694136643063561,1.30152495197411,Cd24a;Sept11;Fbxo30;Zfp516;Prkaa2;Dnajc6;Phf6;Ptprj;Camta1;Cap2;Egr2;Celf2;Lamc1;Cd93;Mvb12b;Rgs2;Dmtn;Zeb2;Ttll7;Reep1;Arhgap26;Cst6;Glipr2;Flnc;Wnt5a;Mmp16;Apba1;D16Ertd472e;Bambi;Zfp704;Vstm2a;Adarb1;Tead1
miR-539/539-5p,711,390,39,0.0721278061329115,1.27211679009076,Ikzf2;Ppm1e;Basp1;Sept11;Angptl2;Mapre2;Mitf;Adam12;Nr4a2;Chst15;Zmat4;Pknox2;Sec16b;Nrip3;Gcnt4;Med14;Celf2;Synpo2;Trim42;Fzd3;Bend4;Grm1;Frat2;Frs2;Pdzrn4;Ebf3;Fam114a1;Nfasc;Zfp521;Cdnf;Nav1;Kcng3;Galntl6;Nrcam;Frmd7;Igdcc3;Wnt9a;Tbx20;Tead1
miR-384/384-3p,711,155,17,0.077482951844275,1.40346071711384,Slc7a11;Myo1c;Rasgef1b;Zmat4;Cd28;Crb2;Anp32e;Cd93;Metap2;Fzd5;Col6a3;Gfra2;Aqp4;Ldlrad3;Chst2;St18;Adarb1
miR-132/212/212-3p,711,262,27,0.0802637232871552,1.31182104343395,Colq;Spry1;Zfp516;Chd1;Cerk;Etnk1;Fam167a;Chst11;Hapln1;Gdf5;Cc2d1b;Arx;Sema4g;Zeb2;Olfm1;Maf;Zswim6;Fam91a1;Fbxw7;Dcc;Baiap2;Mmp16;Adamts5;Edil3;Dab1;Foxp2;Tead1
miR-203,711,517,50,0.0813488873905661,1.22742517131931,Ppm1e;Arntl;Psd3;Camk4;Camta1;Ralb;Sec16b;D430041D05Rik;Igfbp5;A1cf;Med14;Crb2;Ptprn2;Grhl3;Atp2b1;Mafb;Dgkb;Raph1;Anp32e;Postn;1110065P20Rik;Ociad2;Adgrg6;Smoc2;Hcar2;Ube2i;Gda;Map3k13;Id4;Plekhg3;Cav1;Klhdc9;Dcc;Rab15;Cbl;Rassf10;Phlda3;Adamts5;Lrp2bp;Rapgef1;Phf19;Chst7;Fam196a;Limch1;Kcnc1;Ina;Zfp704;Actl11;Foxp2;Csn2
miR-149,711,241,25,0.0819909920692996,1.32084432275396,Bcl2l11;Gfi1;Lox;Dusp16;Marcksl1;Zmat4;Igfbp5;Pou2f2;Sort1;Cdk17;Pde1a;Sema4g;Pvrl1;Them6;Lonrf1;Fzd5;Gria3;Syt7;Id4;Igf2bp1;Tbx22;Cbl;Vps9d1;Apba1;Zfp704
miR-875-5p,711,66,8,0.0843847131205916,1.56696442569246,Ppm1e;2700081O15Rik;Fgd6;Vamp1;Ebf3;Metap2;Zswim6;St18
miR-19ab,711,808,75,0.0924277058514945,1.17630802422296,Hecw2;Otud1;Bcl2l11;Fosb;Arap2;2700081O15Rik;Dgkg;Rnf216;Tnfaip3;Tgif1;Cep170;Bmf;Fbxo30;Psd3;Pitpnm2;Mapre2;Adam12;Tspan2;Edaradd;Runx3;Smoc1;Plcl1;1810011O10Rik;Zfp516;Zbtb10;Etnk1;Adgrl2;Camta1;Grb10;Asxl3;Mpped2;Cd69;Socs1;Fat3;Rab34;Ptpn14;Prom2;Raph1;Tacc1;Bend4;Zeb2;Igsf3;Polr3d;Ano1;Lonrf1;Rapgefl1;Fam114a1;Irx4;Smoc2;Arc;Sowahb;Mapk6;Slc6a8;Zfp521;Wnt1;Gda;Flnc;Nhsl2;Sema6d;Nav1;Vstm2b;Sh3rf3;Dlx1;Cnr1;Phlda3;Gpr137b;Inhbb;Fam196a;Limch1;Gja1;Tbx20;Bambi;Zfp704;Foxp2;Ldoc1
miR-326/330/330-5p,711,236,24,0.101662974754567,1.29072103532669,Runx3;Spry2;Myo1c;Fat3;Ntn1;Celf2;Nkx2-9;Ptpn14;Coro2b;Palm;Whrn;Tnk2;Glod5;Lpin2;Tnfrsf11a;Arhgap36;Fzd5;Nfasc;Igf2bp1;Cacna1e;Parva;1110017D15Rik;Ciita;Chrm1
miR-376abd/376b-3p,711,130,14,0.104686883476172,1.37288938550402,Bcl2l11;Celf2;Lamc1;Grm5;Bend4;Igsf3;Hes5;Rapgefl1;Wwtr1;Dcc;Galntl6;Slit2;Tbx20;Tead1
miR-324-5p,711,79,9,0.10529037515249,1.46053739393501,Hecw2;Basp1;Trp53inp2;Ube2v1;Camkv;Cuedc2;Esrrg;Kcnmb1;Nav1
miR-340-5p,711,943,86,0.106420046270346,1.15405687622788,Als2;Ikzf2;Hecw2;Eaf1;Tec;Tmod1;Fbxo30;Dusp2;Psd3;Slc43a1;Fmnl2;Rbm24;Nr4a2;Lysmd2;Plcl1;Spry2;Zfp516;Myo1c;Id3;Adgrl2;Camta1;Grb10;Pknox2;Asxl3;Mpped2;Angpt1;Hivep2;5430427O19Rik;Chst11;Ttpa;Fat3;Med14;Zfp518b;Gria4;Atxn7l2;Atp2b1;Sort1;Nck2;Mast3;Lamc1;Fzd3;Anp32e;Ppp1r15b;Alcam;Pvrl1;Syde2;Mpp3;Parm1;Sdc2;C77370;Ttll7;Frs2;Tns1;Myo1e;Zswim6;Fam91a1;Pappa2;Tom1l1;1190002N15Rik;Wwtr1;Mapk6;Slc6a8;Fam214b;Nhsl2;Adgrl4;Dcc;Pip5k1b;Tcf21;Sh3rf3;Vasn;Nod2;Zfp503;Edil3;Gpr137b;Fhl2;D16Ertd472e;Tmem198;Limch1;Coq10a;Elavl4;Zfp704;Pi15;Adarb1;Lhfpl3;Cntn3;Tead1
miR-9/9ab,711,945,86,0.110315813999264,1.15104903724979,Cxcr4;Bcl6;Ikzf2;Egln3;Hecw2;Bcl2l11;Jup;Slc7a11;Gch1;Arpp21;Psd3;Pitpnm2;Rbm24;Myo1c;Six5;Ptprj;Ralb;Asxl3;D430041D05Rik;Elf1;Hes1;Scn4b;Med14;Rab34;Hapln1;Ptpn14;Vat1;P2ry4;Sort1;Lyve1;Bean1;Col4a2;Lin28a;Dgkb;Cc2d1b;Arx;Alcam;Dnajc3;Mpp3;Eif4e3;Bend4;Zeb2;Sdc2;Cntnap1;Vamp1;Ano1;Clvs1;Ephb2;Tns1;Igf2bp2;Fgf12;Vangl1;Maf;Fam91a1;Smoc2;1190002N15Rik;Nfasc;Glipr2;Nhsl2;Sema6d;Nav1;Itpkc;Igf2bp1;Dcc;Galntl6;Fam117a;Cacna1e;Baiap2;Efna1;Mmp16;Arhgef2;Rassf10;Apba1;Adamts5;Ldlrad3;Peak1;Shb;Inhbb;Phf19;D16Ertd472e;Galnt3;Slc6a2;Zc3h10;Elavl4;Foxp2;Cntn3
miR-31,711,240,24,0.117024726485361,1.26617523977739,Slc7a11;Rab19;Tacc2;Mboat2;Grb10;Trp53inp2;D430041D05Rik;Cd28;Fat3;Raph1;Fzd3;Tacc1;Ikzf1;Syde2;Ttbk1;Bend4;Frat2;Tmprss11f;Tns1;Ebf3;Col5a1;Zswim6;Il34;Zfp704
miR-329/329ab/362-3p,711,197,20,0.119561097411207,1.28655636524479,Ikzf2;Csnk1e;Ptprj;Asxl3;Pappa;Trp53inp2;Pde3a;Rnf217;Rgs2;Esrrg;Fzd5;Tnfaip8l3;Tcte1;Lrrc71;Shb;Wnt9a;Kcnc1;Bambi;Elavl4;Cntn3
miR-592/599,711,145,15,0.128430198647179,1.31212178401017,Cd24a;Angptl2;Rbpj;Trp53inp2;Fat3;Pde3a;Fzd3;Tacc1;Ttll7;Zswim6;Nfasc;Map3k13;Baiap2;Foxp2;Ctnnbip1
miR-137/137ab,711,850,77,0.13194491345686,1.14250471146557,Ppm1e;Eaf1;Dgkg;Nt5dc2;Nfatc1;Rcor2;Cep170;Slc37a2;Angptl2;Fmnl2;Ppp1r14b;Ap3s1;Pitpnm2;Mitf;Tspan2;Rbm24;Cbarp;Zfp516;Myo1c;Chd1;Mboat2;Zmat4;Thegl;Atat1;Rbpj;Fam167a;Pappa;Hoxa3;Igfbp5;Fat3;Med14;Gabra1;Celf2;Ptpn14;Dusp4;Gria4;Trhr;Hk3;Cpne8;Pde1a;Grm5;Tbr1;Ikzf1;Nat8l;Pvrl1;Zeb2;Ppp1r37;Esrrg;Maf;Slc9a3r2;Fbxw7;1190002N15Rik;Ldlrad4;Klf4;Nfasc;Slc6a8;Syt7;Abi3bp;Stx1b;Pdlim3;Dclk2;Panx2;Hmgn3;2900026A02Rik;Sema3b;Ehbp1l1;Htr2c;Edil3;Gpr137b;D16Ertd472e;St18;Limch1;Frmd7;Kcnc1;Cttnbp2;Tead1;Mien1
miR-205/205ab,711,279,27,0.140929725302842,1.22067700863135,Bcl6;Eaf1;Slc7a11;Sept11;Psd3;Fbxo22;Casc4;Etnk1;Ptprj;Grb10;Elf1;Zfp518b;Lamc1;Bean1;Ppp1r15b;Col16a1;Esrrg;Chn1;Csf1;Map3k13;Nhsl2;Vasn;Ezr;Kif26b;Bambi;Tead1;Jph4
miR-146ac/146b-5p,711,141,14,0.169917084523143,1.25225969353446,Dgkg;Kdm2b;Cd28;Tmem120b;Celf2;Sort1;Bend4;Maff;Klf4;Nfasc;Igf2bp1;Mmp16;Vasn;Adarb1
miR-202-3p,711,597,54,0.174225483066821,1.13550890986911,Rorc;Ikzf2;Slc9a9;Trib1;Dusp16;Angptl2;Fbxo30;Tspan2;Zfp516;Zmat4;Prkaa2;Zbtb10;Etnk1;Pappa;Cap2;AF366264;Zswim4;Gcnt4;Dusp4;Dzip1;Col4a2;Ston2;Lin28a;Fzd3;Ppp1r15b;Fgd6;Galnt12;Tat;Mvb12b;Plekhg6;Sh2b3;Bend4;Adrb3;Tbkbp1;Frs2;Tmprss11f;Reep1;Osmr;Cdv3;Mapk6;Syt7;Fam214b;Nhsl2;Mgat4c;Panx2;Igf2bp1;Cacna1e;Baiap2;Sh3rf3;Peak1;Pbx3;Igdcc3;Wnt9a;Foxp2
miR-221/222/222ab/1928,711,264,25,0.174997475713862,1.19024670119952,Chsy1;Bcl2l11;Bmf;Angptl2;Fos;Rbm24;Fam167a;Tpbg;Tox;Socs1;Gabra1;Tacc1;Bend4;Zeb2;Grm1;Igf2bp2;Mapk6;Nanos1;Cnr1;Sema3b;Pbx3;Slco1a4;Clvs2;Zfp704;Foxp2
miR-96/507/1271,711,781,69,0.200533127454718,1.10694232104191,Myb;Hecw2;Bcl2l11;Basp1;Sept11;Mitf;Cbarp;Myo1c;Adgrl2;Atat1;Camta1;Grb10;Asxl3;Fam167a;Pappa;Tox;Hes1;Hdac7;Fat3;Gcnt4;Med14;Rab34;Celf2;Vat1;Coro2b;Sort1;Lamc1;Fzd3;Kif19a;Grm5;Ppp1r15b;Tacc1;Tbr1;Nat8l;Cnn3;Rgs2;Bend4;Rps6ka6;Sdc2;Grm1;C77370;Frs2;Esrrg;Clvs1;Aifm3;Lmtk3;Tns1;Ebf3;Shc4;Spast;Reep1;Fam81a;Kcnj14;1190002N15Rik;Ldlrad4;Plod2;Glipr2;Podxl;Nanos1;Igf2bp1;Ezr;Mab21l2;Tmem198;Clvs2;Tsku;Elavl4;Zfp704;Foxp2;Tead1
miR-376c/741-5p,711,170,16,0.217472507640102,1.17960726196746,Fbxo30;Tspan2;Nr4a2;Cnih2;Hivep2;Tox;Ston2;Grm5;Alcam;Sdc2;C77370;Esrrg;Ebf3;Uts2;Zswim6;Dlx1
miR-204/204b/211,711,376,34,0.218807316525866,1.13112647211655,Hecw2;Arap2;Sept11;Angptl2;Slc43a1;Mapre2;Nr4a2;Smoc1;Myo1c;Zfp423;Ptprj;Angpt1;Cap2;Hoxa3;Hapln1;Atp2b1;Cpne8;Glis3;Arx;Ttbk1;Grm1;Frs2;Esrrg;Reep1;Ephb6;Ociad2;Fbxw7;Six1;Zfp521;Nhsl2;Dcc;Ezr;Cdc25b;Ctnnbip1
miR-874,711,148,14,0.220156397428597,1.18580277498965,Psd3;Cux1;Rac3;Hapln1;Sort1;Tacc1;Ttbk1;Ccdc15;Fam114a1;Tmem239;Fzd5;Ppp1r1b;Htr2c;Nrcam
miR-299/299-3p/3563-3p,711,61,6,0.223792911350731,1.2363297201637,Cux1;Hdac7;Rgs2;Ebf3;Parva;Chst2
miR-196abc,711,207,19,0.238524162140776,1.14746126631337,Zmat4;Rbpj;Gcnt4;Celf2;Rxfp2;Lin28a;Ppp1r15b;Adrb3;Dip2a;Osmr;Cdv3;Nme4;Aqp4;Igf2bp1;Apba1;Col24a1;AI846148;Pbx3;Foxp2
miR-150/5127,711,162,15,0.241304484367989,1.15790742255389,Myb;Basp1;Tspyl5;Atat1;Pappa;D430041D05Rik;Cc2d1b;Lmo4;Ccdc177;Foxd3;Ephb2;Pim1;Nfasc;Tcte1;Mmp16
miR-124/124ab/506,711,1296,111,0.243315768566113,1.07097504082267,Bcl6;Ikzf2;Chsy1;Bcl2l11;Spry1;Eaf1;Dennd4c;Rnf216;Slc29a1;Sept11;Egr1;Gch1;Slc9a9;Hivep3;Nfatc1;Itgae;Tmod1;Bmf;Fbxo30;Nr4a1;Fmnl2;Tacc2;Frmd4b;Mitf;Rbm24;Agl;Myo1c;Eya2;Chd1;Mboat2;Prkaa2;Casc4;Phf6;Etnk1;Ptprj;Camta1;Trp53inp2;Hivep2;Fbxo27;Tox;Shisa7;Scn4b;Egr2;Rab34;Ptpn14;Vat1;Gria4;Kctd5;Sh3rf1;Lamc1;Pecr;Ston2;Dmrta1;Raph1;Cc2d1b;Tacc1;Galnt12;Lmo4;Nat8l;Ccdc177;Cnn3;Sox8;Prr3;Frs2;Ak3;Lonrf1;Ebf3;Vangl1;Shc4;Reep1;Metap2;Pim1;Fam81a;Myo1e;Fzd5;Tom1l1;1190002N15Rik;Gria3;Nfasc;Dusp15;Ube2i;Sertad4;Gk5;Nhsl2;Sema6d;Nav1;Nme4;Igf2bp1;Cav1;Fam117a;Cacna1e;2900026A02Rik;Kif26b;Htr2c;Zfp503;Ar;Mdk;Rapgef1;Ovol2;Peak1;AI846148;Phf19;D16Ertd472e;Tcf3;Nrcam;Tmem117;Limch1;Tsku;Cntn3;Tor1aip2;Tead1
miR-490-3p,711,107,10,0.250264953721411,1.16885209114882,Slc7a11;Pappa;Nrip3;Scn4b;Ptpn14;Ppp1r15b;Cd63;Adgrg6;Sp5;Slc1a3
miR-130ac/301ab/301b/301b-3p/454/721/4295/3666,711,606,53,0.250787320344741,1.09126732071512,Myb;Hecw2;Bcl2l11;Arap2;Dennd4c;2700081O15Rik;Rnf216;Cep170;Psd3;Pitpnm2;Adam12;Runx3;Smoc1;Sub1;Etnk1;Camta1;Grb10;Asxl3;Mpped2;Cd69;Hoxa3;Hivep2;Rab34;Fam222a;Ptpn14;Mafb;Pvrl3;Ston2;Lin28a;Arx;Dnajc3;Neurog1;Eif4e3;Zeb2;Dip2a;Lonrf1;Maf;Csf1;Cdv3;Smoc2;Sowahb;Ldlrad4;Wnt1;Gda;Nhsl2;Igf2bp1;Cnr1;Ar;Inhbb;St18;Gja1;Tbx20;Zfp704
miR-338/338-3p,711,177,16,0.269080124546815,1.12731442020976,Dusp16;Pld3;Edaradd;Zbtb10;Camta1;Pappa;D430041D05Rik;Hapln1;Mafb;Raph1;B4galt7;Eif4e3;Maf;Fbxw7;Pln;Ciita
miR-193/193b/193a-3p,711,143,13,0.270813622597173,1.13392973444271,Ikzf3;Tspyl5;Mllt11;Camta1;D430041D05Rik;Igfbp5;Med14;Cdk17;Lamc1;Fgf1;Aqp4;Igf2bp1;Mmp16
miR-335/335-5p,711,143,13,0.270813622597173,1.13392973444271,Slc9a9;Psd3;Prkaa2;Hoxd8;Adgrl2;Fat3;Zeb2;Frs2;Lonrf1;Igf2bp2;Glipr2;Il17rd;Prss46
miR-197,711,143,13,0.270813622597173,1.13392973444271,Ppm1e;Fmnl2;Chst11;Igfbp5;Fzd3;Mpp3;C77370;Ebf3;Csf1;Fbxw7;Adamts5;Foxp2;Tor1aip2
miR-216b/216b-5p,711,156,14,0.284331795197095,1.11785829091537,Smoc1;Chd1;Zfp423;Etnk1;Celf2;Clec3a;Tnfrsf11a;Fzd5;Zfp521;Tcte1;Podxl;Sh2d2a;Jun;Cntn3
miR-127/127-3p,711,13,1,0.285360501215338,0.942844934867562,Chst15
miR-24/24ab/24-3p,711,405,35,0.306882813351439,1.07400178463976,Als2;Bcl2l11;Lox;Dusp16;Marcksl1;Adam12;Sub1;Wnt8b;Fam167a;Adora2a;Cd28;Igfbp5;Celf2;Atp2b1;Pde1a;Sema4g;Tns1;Fscn1;Ebf3;Reep1;Pim1;Hnf1b;5730559C18Rik;Cdv3;Fzd5;Cachd1;Gria3;Plod2;Ptprf;Sh2d2a;Igf2bp1;Tbx22;Cacna1e;Aoc3;Apba1
miR-214/761/3619-5p,711,417,36,0.307679156332222,1.07284252331906,Bcl2l11;Tnfaip3;Cxxc5;Esam;Myo1c;Phf6;Camta1;Adora2a;Pappa;D430041D05Rik;Pank1;Ntn1;Rab34;Zic1;Ston2;Fgd6;Sox8;Esrrg;Ephb2;Rapgefl1;Pim1;Slc9a3r2;Arhgap26;Csf1;Kcnj14;Dusp15;Dbndd2;Plekhg3;Hmgn3;Vasn;Cbl;Phlda3;Il17rd;Chrm1;Foxp2;Ldoc1
miR-122/122a/1352,711,113,10,0.309929291436422,1.09991659572357,Ppm1e;Spry2;Clic4;Lamc1;Nhsl2;Mpp2;Cbl;Nod2;Phf19;Foxp2
miR-219-5p/508/508-3p/4782-3p,711,300,26,0.314872410522743,1.07650780293435,Cxxc5;Fmnl2;Ppp1r14b;Pitpnm2;Rbm24;Eya2;Dnajc6;Celf2;Ube2v1;Tacc1;Sema4g;Ttbk1;Ccdc177;Parm1;Zeb2;Fam91a1;Fzd5;Fbxw7;Map9;Podxl;Nav1;2900026A02Rik;Rapgef1;Phf19;Trnp1;Zfp704
miR-136,711,138,12,0.329321886227222,1.07898018980841,Psd3;Mllt11;Naa11;Igfbp5;Raph1;Fam122a;Esrrg;Fzd5;Glipr2;Nanos1;Radil;Cbl
miR-99ab/100,711,36,3,0.334622427534207,1.02876490768917,Trib1;Camta1;Fzd5
miR-544/544ab/544-3p,711,269,23,0.344212999019168,1.0598598078464,Spry1;Lox;Sub1;Kdm2b;Tox;Socs1;Camkv;C1ra;Raph1;Grm5;Alcam;Lmo4;Fscn1;Rapgefl1;Maf;Col5a1;Hcar2;Gucy2c;Gatad2a;Nav1;Sh2d2a;Tead1;Ctnnbip1
miR-370,711,200,17,0.359118599676833,1.05238730498062,Fosb;Slc7a11;Bmf;Adgrl2;Med29;Chst11;Lin28a;Glis3;Tnk2;Des;Slc16a12;Zfp385c;Nfasc;Sertad4;Stx1b;Aqp4;Vasn
miR-154/872,711,83,7,0.36055354960537,1.04260203058769,Rbm24;Prkaa2;Pknox2;Ston2;Zeb2;Maf;Foxp2
miR-148ab-3p/152,711,463,39,0.362373988524606,1.04314231137673,Hecw2;Bcl2l11;Fosb;Dennd4c;Hspa4l;Slc7a11;Hivep3;Gadd45a;Mitf;Rbm24;Dock6;Chd1;Mboat2;Etnk1;Mpped2;Pappa;Egr2;Rab34;Ptpn14;Rxfp2;Mafb;Lin28a;Nat8l;Cplx3;Hhex;Esrrg;Maf;Csf1;Klf4;Wnt1;Aqp4;Cnr1;Adamts5;Inhbb;St18;Elavl4;Zfp704;Cdc25b;Tead1
miR-223,711,189,16,0.365901363034084,1.04755686030056,Ctsl;Dusp2;Smoc1;Rbpj;Celf2;Atp2b1;Mafb;Cdk17;E330021D16Rik;Hhex;Olfm1;Ebf3;Fbxw7;Wwtr1;Mmp16;Phactr4
miR-653,711,119,10,0.372612171249594,1.03862654141789,Spry2;Egr2;Atp2b1;Ebf3;Zswim6;Adgrg6;Gria3;Dcc;Lrp2bp;Chst7
miR-30abcdef/30abe-5p/384-5p,711,1071,89,0.37680693519049,1.02914672644858,Bcl6;Ikzf2;Bcl2l11;Eaf1;Slc7a11;Lox;Mical1;Cep170;Trio;Psd3;Ap3s1;Pitpnm2;Adam12;Tspan2;Rasgef1b;Eya2;Chd1;Prkaa2;Zbtb10;Camta1;Grb10;Pknox2;Epb41l5;Asxl3;Mkrn3;Socs1;Vat1;Cyp24a1;Atp2b1;Kctd5;Nck2;Sh3rf1;Bean1;Cpne8;Lin28a;Raph1;Fzd3;Sept7;Grm5;Fgd6;Ttbk1;Rgs2;Sh2b3;Ccnjl;Zeb2;Igsf3;0610040J01Rik;Ttll7;Esrrg;Ephb2;Lonrf1;Dsc2;Ebf3;Spast;Omg;Adam22;Reep1;Maf;Zswim6;Fam91a1;Irx4;Lrrc17;Wwtr1;Six1;Ube2i;Zfp521;Gda;Map3k13;Sema6d;Nav1;Tbx22;Rab15;Rassf10;Apba1;Lepr;Gjc2;Dab1;Ovol2;Peak1;Chst2;Galnt3;Fam196a;Tcp11l1;Limch1;Snx33;Gja1;Elavl4;Zfp704;Jph4
miR-18ab/4735-3p,711,167,14,0.380485221132985,1.03607868083749,Tnfaip3;Dusp16;Psd3;Pappa;Lin28a;Alcam;Sorbs2;Zfp385c;Igf2bp2;Fgf1;Nav1;Phf19;Wnt9a;Zfp704
miR-141/200a,711,504,42,0.388321459321291,1.03044066546002,Ikzf2;Dmwd;Ppm1e;Rag1;Arntl;Sept11;Mapre2;Zfp516;Csnk1e;Casc4;Etnk1;Kcnj15;Asxl3;Mpped2;Pappa;Fat3;Ntn1;Foxj1;Gab1;Bmp1;Sept7;Anp32e;Ppp1r15b;Sorbs2;Bend4;Zeb2;Sdc2;Lpin2;Esrrg;Tns1;Cdv3;Fam91a1;Ldlrad4;Wwtr1;Nfasc;Six1;Arhgap24;Peak1;Hoxc13;D16Ertd472e;Steap2;Foxp2
miR-208ab/208ab-3p,711,121,10,0.393870400111519,1.01965074281866,Ikzf2;Colq;Zeb2;Omg;Reep1;Zswim6;Six1;Mapk6;Elavl4;Foxp2
miR-23abc/23b-3p,711,724,60,0.398025639211177,1.02451309193872,Fosb;Tnfaip3;Tgif1;Trib1;Tmod1;Fbxo30;Fmnl2;Mapre2;Marcksl1;Mitf;Spry2;Zfp423;Dnajc6;Etnk1;Adgrl2;Camta1;Asxl3;Myh2;Dhrs11;Hoxa3;Tox;Tmem120b;Celf2;Ptpn14;Mrc1;Zic1;Cdk17;Nxph2;Grm5;Slc7a6os;Dnajc3;Frat2;Ebf3;Reep1;Maf;Ahi1;Fzd5;1190002N15Rik;Gpsm1;Sema6d;Nek6;Peg12;Dlx1;Mab21l2;Adamts5;Htr2c;Snrpc;Phf19;Chst2;Chst7;Slc6a2;Fam196a;Adgrg2;Uhrf1bp1l;Hs6st2;Gja1;Pi15;Foxp2;Tead1;Ctnnbip1
miR-448/448-3p,711,494,41,0.399410256943588,1.02557499853927,Ikzf2;Hecw2;Arntl;Psd3;Mapre2;Mitf;Fam124b;Spry2;Asxl3;Mpped2;Pappa;Trp53inp2;Fat3;Hapln1;Grhl3;Ptpn14;Lamc1;Prkab2;Gab1;Fzd3;Tacc1;Sema4g;Ikzf1;Bend4;Zfp385c;Zeb2;Cntnap1;Ephb2;Ldlrad4;Nfasc;Fndc1;Zfp521;Nav1;Mgat4c;Dcc;Ndst4;Baiap2;Inhbb;D16Ertd472e;Galnt3;Kcnc1
miR-184,711,17,1,0.407036102132385,0.706776634977981,Epb41l5
miR-10abc/10a-5p,711,195,16,0.41653728759301,1.0116631792582,Bcl6;Bcl2l11;Tmod1;Fbxo30;Hoxa3;Shisa7;Celf2;Ccdc177;Tbkbp1;Esrrg;Nfasc;Sertad4;Nav1;Inhbb;Fam196a;Ctnnbip1
miR-144,711,573,47,0.431554253743594,1.01182148996277,Als2;Bcl2l11;Fosb;Slc7a11;Tgif1;Cep170;Trib1;Dusp16;Fmnl2;Smoc1;Casc4;Ptprj;Pappa;Trp53inp2;Pank1;Tox;Nln;Igfbp5;Med14;Hapln1;Celf2;Fam222a;Atp2b1;Grm5;Cav3;Zeb2;E330021D16Rik;Grm1;Frs2;Esrrg;Arhgap26;Myo1e;Zswim6;Fbxw7;Pappa2;1190002N15Rik;Mapk6;Map3k13;Id4;Nanos1;Pbx3;Galnt3;Fam196a;St18;Limch1;Gja1;Zfp704
miR-218/218a,711,683,56,0.433132230314599,1.01149973297123,Lox;Nfatc1;Trio;Camk4;Mitf;Runx3;Zmat4;Csnk1e;Phf6;Etnk1;Atat1;Asxl3;Mpped2;Trp53inp2;D430041D05Rik;Hivep2;Hdac7;Fat3;Scn4b;Zfp518b;Hapln1;Vat1;Gria4;Sh3rf1;Cpne8;Tacc1;Dnajc3;Ikzf1;Nat8l;Pvrl1;Ccdc177;Des;Zeb2;Sdc2;Grm1;C77370;Fgf12;Ebf3;Shc4;Dpf1;Adgrg6;Spred1;Map3k13;Sertad4;Adarb2;Cbl;Inhbb;Dbndd1;Dclk3;Fam196a;St18;Uhrf1bp1l;Nrcam;Gja1;Foxp2;Adarb1
miR-210,711,18,1,0.435982981884494,0.665116098214633,Fam222a
miR-421,711,234,19,0.439338070813567,0.99993896484375,Ppm1e;Spry1;2700081O15Rik;Slc7a11;Dusp16;Bmf;Sub1;Zfp516;Prkaa2;Camta1;Pappa;Mafb;Dgkb;Arx;Arhgap26;Tmem239;Mmp16;Rab15;Elavl4
miR-876-5p/3167,711,126,10,0.447199303529405,0.975087201104379,Cbarp;Tbata;Crispld1;Bend4;Nxph4;Dcc;Baiap2;Rnf207;Hoxc13;Steap2
miR-139-5p,711,223,18,0.448266056559592,0.993348829924852,Sept11;Tgif1;Fos;Zbtb10;Asxl3;Igfbp5;Pde3a;Fzd3;Arx;Zeb2;Grm1;C77370;Esrrg;Dcc;Dab1;Jun;Galnt3;Foxp2
miR-15abc/16/16abc/195/322/424/497/1907,711,884,72,0.457169610253762,1.00367688419867,Myb;Colq;Ppm1e;Nebl;Hspa4l;Sept11;Arpp21;Nxph1;Aqp11;Myo1c;Rasgef1b;Zfp423;Etnk1;Ptprj;Adgrl2;Arl3;Pappa;Hoxa3;Cnih2;Fbxo27;Cd28;Fat3;Cxcl10;Scn4b;Cobll1;Ube2v1;Vat1;Cdk17;Camkv;Rnf217;Cc2d1b;Fam122a;Chac1;Cx3cl1;Tacc1;Nat8l;Pvrl1;Syde2;Ccnjl;Zfp385c;Cntnap1;Vamp1;Esrrg;Omg;Pim1;Plpp1;Csf1;Cdv3;Fam91a1;Fbxw7;Pappa2;Sowahb;Nfasc;Zyx;Gatad2a;Sema6d;Nav1;Ifnk;Cacna1e;Phlda3;Slit2;Adamts5;Col24a1;Phf19;Pbx3;Fam196a;Snx33;Foxp2;Vstm2a;Cdc25b;Tead1;Hgf
miR-873,711,164,13,0.463457275511798,0.9736641438043,Sla;Tacc2;Fos;Phf6;Shisa7;Celf2;Nlrc3;Cc2d1b;Zeb2;Rapgefl1;Hoxc5;Tom1l1;Tead1
miR-126-3p,711,19,1,0.46414571232176,0.628145699376218,Spred1
miR-328a/328b-3p,711,116,9,0.470268729264283,0.951118077843754,Edaradd;Fzd3;Ebf3;Pim1;Plod2;Ptprf;Nhsl2;Mmp16;Chst7
miR-383,711,104,8,0.472200527343588,0.942275382796589,Sla;Fos;Pank1;Fat3;Lin28a;Tbkbp1;Clec3a;Nhsl2
miR-378/422a/378bcdefhi,711,92,7,0.474257783691281,0.931154285852825,Psd3;Pappa;Rab34;Vat1;Cuedc2;Fzd5;Mpp2
miR-503,711,263,21,0.474806506029406,0.981334845190417,Myb;Nebl;Rasgef1b;Zfp423;Pappa;Cxcl10;Cdk17;Cc2d1b;Fam122a;Pvrl1;Syde2;Zfp385c;Ptk7;Omg;Plpp1;Fbxw7;Sowahb;Nav1;Slit2;Fam196a;Foxp2
miR-25/32/92abc/363/363-3p/367,711,656,53,0.479224789506528,0.994082860519196,Ikzf2;Bcl2l11;Tagap;Cxxc5;Tgif1;Angptl2;Gramd1b;Trio;Tacc2;Pitpnm2;Mitf;Mboat2;Prkaa2;Ptprj;Rbpj;Cd69;Hoxa3;Med29;Chrm2;Ptpn14;Prkab2;Lin28a;Anp32e;Ikzf1;Pvrl1;Ccnjl;Zeb2;Sdc2;Frs2;Ppp1r37;Dsc2;Slc9a3r2;Hnf1b;Fbxw7;Gria3;Ldlrad4;Klf4;Zfp521;Abi3bp;Dclk2;Dcc;Tcf21;Mmp16;Peak1;D16Ertd472e;Fam196a;Limch1;Tbx20;Hcn2;Foxp2;Tor1aip2;Tead1;Ctnnbip1
miR-1ab/206/613,711,546,44,0.481521173479115,0.991214403683998,Cxcr4;Hecw2;Fosb;Eaf1;Dgkg;Gch1;Nr4a2;Anxa2;Zfp516;Dnajc6;Phf6;Ptprj;Asxl3;Hoxa3;Hivep2;Elf1;Chst11;Igfbp5;A1cf;Tagln2;Ptpn14;Metrnl;Nck2;Rit2;Cnn3;Slc16a12;C77370;Frs2;Pim1;Csf1;Fam91a1;Fbxw7;Smad9;Spred1;Klf4;Sema6d;Zfp580;Baiap2;Cbl;Peak1;Tcp11l1;Uhrf1bp1l;Gja1;Pax7
miR-101/101ab,711,549,44,0.497238815667021,0.984934538167303,Ikzf2;Bcl2l11;Tgif1;Trib1;Dusp16;Psd3;Fmnl2;Ap3s1;Fos;Anxa2;Smoc1;Sub1;Ptprj;Camta1;Pappa;Trp53inp2;Pacrg;Igfbp5;Med14;Hapln1;Fam222a;Bean1;Cav3;Bend4;Zeb2;Grm1;Frs2;Lonrf1;Arhgap26;Myo1e;Zswim6;Fbxw7;Pappa2;1190002N15Rik;Mapk6;Map3k13;Id4;Nanos1;Baiap2;Rab15;Pbx3;Gja1;Zfp704;Cttnbp2
miR-491-5p,711,94,7,0.499077174191644,0.90952019756235,Nfkbid;Trpm4;Hoxc5;Tcte1;Nav1;Chrm1;Elavl4
miR-320abcd/4429,711,464,37,0.503638810405906,0.979389961767925,Ikzf2;Jup;Ctsl;Fmnl2;Xkrx;Cux1;Cbarp;Zfp516;Csnk1e;Rbpj;Mpped2;Naa11;Hivep2;Chst11;Shisa7;Gcnt4;Hapln1;Bean1;Fzd3;Cgref1;Dnajc3;Sorbs2;C77370;Esrrg;Reep1;Zswim6;Gdap1;Id4;Dcc;Cacna1e;Mmp16;D16Ertd472e;Pbx3;Fam196a;Limch1;Bambi;Lhfpl3
miR-375,711,144,11,0.506936770762758,0.934826879607457,Rbm24;Csnk1e;Rbpj;Hoxa3;Grm5;Ebf3;Hnf1b;Klf4;Cav1;Elavl4;Tead1
miR-495/1192,711,565,45,0.516329201733027,0.977782183007151,Mapre2;Runx3;Zfp516;Tnfrsf21;Csnk1e;Etnk1;Adgrl2;Asxl3;D430041D05Rik;Hivep2;Tox;Celf2;H2afy2;Sept7;Ppp1r15b;Alcam;Fgd6;Nat8l;Mvb12b;Bend4;C77370;Ephb2;Ebf3;Spast;Reep1;Zswim6;Fam91a1;Smad9;Gria3;Sp5;Ptprf;Nhsl2;Aqp4;Sh2d2a;Baiap2;Ezr;Cbl;Cnr1;Zfp503;Dab1;Rapgef1;Phf19;Limch1;Elavl4;Pi15
miR-590-3p,711,653,52,0.524103386465084,0.977350656915563,Ikzf2;Psd3;Fmnl2;Tspan2;Rbm24;Tm6sf1;Spry2;Etnk1;Epb41l5;Mpped2;Elf1;Sln;Cd28;Nln;Fat3;Zfp518b;Fam222a;Ptpn14;Kctd5;Cx3cl1;Dnajc3;Bend4;Sdc2;Aifm3;Ebf3;Col5a1;Zswim6;1190002N15Rik;Mgarp;Gria3;Six1;Mapk6;Sertad4;Nhsl2;Nme4;Igf2bp1;Sst;Parva;Thsd1;Dlx1;Cnr1;Zfp503;Chst2;Galnt3;Uhrf1bp1l;Steap2;Ina;Tbx20;Pi15;Foxp2;Cntn3;Tead1
miR-134/3118,711,84,6,0.529168954105173,0.869289630174028,Spry2;Celf2;Ttbk1;Fam91a1;Tcf21;Foxp2
miR-155,711,246,19,0.532453060752412,0.94562471354923,Myb;Sept11;Sla;Cux1;1810011O10Rik;Spi1;Ptprj;Camta1;Hivep2;Socs1;Zfp518b;Rab34;Mafb;Zswim6;Fam91a1;Fzd5;Cd274;Nkx3-1;Zfp704
miR-455-5p,711,122,9,0.535962232257812,0.899936259427828,Zfp516;Nck2;Sema4g;Bend4;Fzd5;Stx1b;Ppp1r1b;Peak1;Zfp704
miR-504/4725-5p,711,122,9,0.535962232257812,0.899936259427828,Slc7a11;Cep170;Mapre2;Shisa7;Sort1;Nlrc3;Rp1l1;Nav1;Fam196a
miR-488,711,211,16,0.550963706324649,0.926769833338155,Lox;Rbpj;Trp53inp2;Kng1;Atp2b1;Rpp25;C77370;Esrrg;Fscn1;Gria3;Ldlrad4;Qrfp;Dcc;Peak1;S100a3;Tead1
miR-382,711,112,8,0.563705820911624,0.868917088652339,Runx3;Tax1bp3;Shc4;Maf;Hmgn3;Mmp16;Elavl4;Tead1
miR-346,711,87,6,0.567305637677102,0.836777218407051,Bcl6;Trp53inp2;Klf4;Igf2bp1;Limch1;Tbx20
miR-22/22-3p,711,301,23,0.569486768006423,0.934004945121338,Dusp16;Fmnl2;Clic4;Rxfp2;Lamc1;Grm5;Ppp1r15b;Odf1;Mvb12b;Rgs2;Cav3;Zfp385c;Frat2;Rapgefl1;Fbxw7;Map3k13;Fam117a;2010300C02Rik;Adamts5;Fkbp10;Galnt3;Il17rd;Slc1a3
miR-361-5p,711,138,10,0.571543975325419,0.882336844490702,Zfp516;Celf2;Rit2;Slc7a6os;Dnajc3;1190002N15Rik;Panx2;Uhrf1bp1l;Limch1;Zfp704
miR-433,711,201,15,0.571734707249493,0.910621654605239,Hecw2;Dennd4c;Cep170;Fbxo22;Tdrd5;Adgrl2;Med14;Cdk17;Lamc1;Tshz2;Zswim6;Fam91a1;Fbxw7;Edn3;Foxp2
miR-181abcd/4262,711,780,61,0.593842717688089,0.956211829351301,Bcl2l11;Sept11;Egr1;Fmnl2;Mapre2;Fos;1810011O10Rik;Chd1;Mboat2;Etnk1;Grb10;Pknox2;Zfp820;Cd69;D430041D05Rik;Tox;Dennd4a;Gabra1;Atp2b1;Lonrf2;Lin28a;Grm5;Slc7a6os;Sema4g;Ttbk1;Slc16a12;Bend4;Dmtn;Zeb2;Rps6ka6;Grm1;C77370;Col16a1;Ano1;Tns1;Igf2bp2;Mlf1;Col5a1;Tom1l1;Gpsm1;Cst6;Podxl;Abi3bp;Il7;Adgrl4;2610305D13Rik;Baiap2;Cnr1;Rassf10;Apba1;Adamts5;Peak1;D16Ertd472e;Limch1;Igdcc3;Wnt9a;Hcn2;Elavl4;Zfp704;Adarb1;Tead1
miR-200bc/429/548a,711,756,59,0.597905258067275,0.953982419842578,Myb;Ikzf2;Hecw2;Fosb;Basp1;2700081O15Rik;Trio;Fmnl2;Ap3s1;Frmd4b;Plcl1;Clic4;Chd1;Mboat2;Phf6;Slc6a15;Gem;Asxl3;Tmem120b;Nrip3;Fat3;Celf2;Ptpn14;Nck2;Cdk17;Lamc1;Gab1;Pvrl1;Cnn3;Zeb2;Igsf3;Sdc2;Frs2;Lpin2;Esrrg;Fscn1;Spast;Reep1;Maf;Hnf1b;Fbxw7;Klf4;Nfasc;Six1;Ube2i;Map3k13;Sema6d;Shroom1;Nanos1;Igsf10;Efna1;Mmp16;Slit2;Jun;Peak1;Chst2;Elavl4;Zfp704;Tead1
miR-486-5p/3107,711,90,6,0.603959815420267,0.806586529458331,Smoc1;Gabra1;Celf2;Spast;Sp5;Dcc
miR-34ac/34bc-5p/449abc/449c-5p,711,433,33,0.609744963832319,0.93025528702869,Dmwd;Hecw2;Fbxo30;Psd3;Myo1c;Chd1;Camta1;Mpped2;Fam167a;Trp53inp2;Nrip3;Fat3;Ntn1;Vat1;Alcam;Fgd6;Pvrl1;Cntnap1;Arhgap36;Adam22;Arhgap26;Wnt1;Nav1;Plekhg3;Cacna1e;Pdlim7;Mpp2;Htr2c;Tmem246;Inhbb;Phf19;Adgrg2;Foxp2
miR-499-5p,711,206,15,0.612273253119848,0.886218157405199,Ikzf2;Colq;Celf2;Ube2v1;Ptpn14;Zeb2;Sdc2;Omg;Reep1;Zswim6;Six1;Mapk6;Elavl4;Foxp2;Sycp2
miR-224,711,206,15,0.612273253119848,0.886218157405199,Cxcr4;Fosb;Trib1;Dusp16;Nr4a1;Id3;Zfp423;Egr2;Sort1;Gfra3;Ephb2;Fzd5;Qrfp;Wnt9a;Enah
miR-26ab/1297/4465,711,672,52,0.613300007936402,0.94497906707076,Als2;Chsy1;Eaf1;Slc7a11;Arpp21;Ctsl;Psd3;Xkrx;Frmd4b;Mitf;Adam12;Rbm24;Esam;Zfp516;Chd1;Phf6;Etnk1;Grb10;Mkrn3;Trp53inp2;Pck1;Dennd4a;Hapln1;Celf2;Grhl3;Sh3rf1;Synpo2;Ppp1r15b;Chac1;Ccnjl;Rps6ka6;C77370;Frat2;Shc4;Pim1;Arhgap26;Col5a1;Zswim6;Map9;Klf4;Gpsm1;Mapk6;Plod2;Sema6d;Wnt5a;Nek6;Mmp16;Inhbb;Dusp18;Foxp2;Hgf;Ctnnbip1
miR-194,711,246,18,0.626041364363989,0.890523314028284,Pitpnm2;Adam12;Runx3;Zfp516;Chd1;Cerk;Adgrl2;Trp53inp2;Zic1;Bmp1;Glis3;Lpin2;Hnf1b;Fzd5;Fbxw7;Id4;Cnr1;Tead1
miR-7/7ab,711,300,22,0.646612348664305,0.892097097035191,Basp1;Adgrl2;Pappa;Trp53inp2;Shisa7;Fat3;Gdf5;Ston2;Tnk2;Smg6;Cnn3;Cntnap1;Cxcl2;Esrrg;Pim1;Klf4;Slc6a8;Sema6d;Mgat4c;Orai1;Galnt3;Enah
miR-494,711,313,23,0.648200436711673,0.893970682936769,Bcl2l11;Rbmx;Ikzf3;Tacc2;Chd1;Asxl3;Nrip3;Celf2;Fzd3;Tacc1;Lmo4;C77370;Ebf3;Slc9a3r2;Ube2i;Igf2bp1;Tbx22;Cnr1;Inhbb;Fam196a;Bambi;Cntn3;Tead1
miR-28-5p/708/1407/1653/3139,711,107,7,0.648662979873361,0.789984659711366,Hspa4l;Ttbk1;Zfp385c;Csf1;Map3k13;Dcc;Bambi
miR-125a-3p/1554,711,107,7,0.648662979873361,0.789984659711366,Dgkg;Sept11;Trio;Reep6;Arhgap36;Syt7;Elavl4
miR-185/882/3473/4306/4644,711,147,10,0.656567988187112,0.823432293042886,Bmf;Mapre2;Myo1c;Mllt11;Ephb2;Jchain;Mpp2;Apba1;Tbx20;Tead1
miR-21/590-5p,711,199,14,0.657783319125958,0.853387189284354,Spry1;Tagap;2700081O15Rik;Spry2;Rbpj;Cxcl10;Zfp385c;Tns1;Zswim6;Pappa2;Arhgap24;Adgrg2;Zfp704;Foxp2
miR-103a/107/107ab,711,418,31,0.666152368216161,0.902103399049192,Myb;Ppm1e;Rbm24;Aqp11;Chd1;Zbtb10;Etnk1;Asxl3;Chst11;Nrip3;Celf2;Camkv;Efr3b;Cc2d1b;Nat8l;Pvrl1;Ccnjl;Tbkbp1;Cntnap1;Ttll7;Vamp1;Fbxw7;Pappa2;Klf4;Fgf10;Dusp15;Nav1;Galntl6;Apba1;Chrm1;Pi15
miR-93/93a/105/106a/291a-3p/294/295/302abcde/372/373/428/519a/520be/520acd-3p/1378/1420ac,711,548,41,0.680465861991371,0.909819310621291,Cxcr4;Bcl6;Ikzf2;Bcl2l11;2700081O15Rik;Rnf216;Dusp2;Psd3;Trpv6;Clic4;Zfp422;Phf6;Camta1;Asxl3;Trp53inp2;Hivep2;Tox;Pfkp;Celf2;Coro2b;Mast3;Fzd3;Arx;Slc16a12;Bend4;Tns1;Rapgefl1;Shc4;Fgf10;Map3k11;Igf2bp1;Fam117a;Arhgap24;Phactr4;Kif26b;Peak1;Inhbb;Pbx3;Ifnlr1;Wnt9a;Bambi
miR-153,711,536,40,0.683740002581776,0.907283653700726,Myb;Bcl2l11;Sept11;Mitf;Fam124b;Chd1;Mpped2;Trp53inp2;Fat3;Celf2;Grhl3;Ptpn14;Kctd5;Lamc1;Prkab2;Gab1;Fzd3;Sema4g;Ikzf1;Syde2;Cnn3;Bend4;Zfp385c;Zeb2;Frs2;Tagln3;Arhgap36;Metap2;Ldlrad4;Nfasc;Gatad2a;Zfp521;Nav1;Dcc;Dab1;Inhbb;Galnt3;Kcnc1;Elavl4;Zfp704
miR-431,711,99,6,0.703222963045632,0.727699398149225,Camta1;Celf2;Ptprf;Chst2;Nrcam;Limch1
miR-33ab/33-5p,711,245,17,0.707587333902997,0.839833262972196,Sema7a;Rag1;Fam124b;Agl;Zfp516;Mboat2;Ntn1;Celf2;Lin28a;Frs2;Esrrg;Olfm1;Reep1;Gria3;Mapk6;Hoxc13;St18
miR-542-3p,711,153,10,0.707667278738498,0.788280588216141,Nebl;Fat3;Cdk17;Alcam;C77370;Arhgap36;Pim1;Sv2b;Nav1;Qrfp
miR-135ab/135a-5p,711,519,38,0.722590389783096,0.887914549180689,Slc7a11;Slc9a9;Angptl2;Psd3;Mapre2;Agl;Sub1;Myo1c;Chd1;Prkaa2;Trp53inp2;Zswim4;Chst11;Shisa7;Ube2v1;Pde1a;Pvrl1;Cntnap1;Lonrf1;Fam81a;Slc9a3r2;Dpf1;Col5a1;Arc;Gria3;Klf4;Slc6a8;Ptprf;Sv2b;Igf2bp1;Igsf10;Cacna1e;Arhgef2;Myef2;Clvs2;Hcn2;Zfp704;Cttnbp2
miR-411,711,46,2,0.73342014687069,0.51299842017442,Cachd1;D16Ertd472e
miR-129-5p/129ab-5p,711,317,22,0.746649335899087,0.838840761522582,Trio;Psd3;Camk4;Nr4a2;Zfp516;Zbtb10;Camta1;Tox;Celf2;Grm5;Tacc1;Bend4;Frs2;Esrrg;Fbxw7;Syt7;Map3k13;Cacna1e;Abra;Elavl4;Foxp2;Jph4
miR-425/425-5p/489,711,118,7,0.752586475902675,0.710765552770975,Dgkg;Zfp423;Ptprn2;Sh3rf1;C77370;Hoxc5;Amph
miR-133abc,711,464,33,0.764040142751228,0.859833014402053,Jup;Rbmx;Gch1;Fbxo30;Ctsl;Psd3;Pitpnm2;Six5;Zbtb10;Rbpj;Hivep2;Nrip3;Rab34;Hapln1;Tagln2;Vat1;Raph1;Grm5;Arx;Dnajc3;Cntnap1;Fscn1;Fgf12;Fgf1;Sertad4;Nhsl2;Ncam2;Adamts5;Peak1;Ccdc169;Foxp2;Pax7;Tead1
miR-758,711,134,8,0.770472218359677,0.715262485323278,Spry1;Spry2;Prkaa2;Lmo4;Fam114a1;Qrfp;Adamts5;Bambi
miR-142-3p,711,233,15,0.794402886815866,0.773835791152974,Arap2;Gfi1;Arntl;Fmnl2;Six5;Zbtb10;Trp53inp2;Gab1;Zeb2;Ppp1r37;Fam114a1;Map3k11;Sh2b1;Col24a1;Slc1a3
miR-379/1193-5p/3529,711,66,3,0.794861793895201,0.536903838623694,Asxl3;D430041D05Rik;Foxp2
miR-217,711,207,13,0.800435103358632,0.753771143632979,Ppm1e;Hivep3;Chst11;Kctd5;Zic1;Tacc1;Maf;Hnf1b;Zswim6;Galntl6;Nap1l2;Dab1;Tmem246
miR-485-5p/1698/1703/1962,711,182,11,0.81408512183471,0.723639857305626,Etnk1;Naa11;Pak1;Sema4g;Ttbk1;Dmtn;Zfp385c;Cntnap1;Zswim6;Ube2i;Itpkc
miR-186,711,478,33,0.819151301759416,0.831303216937603,Hecw2;Ppm1e;Arap2;Rnf216;Cxxc5;Tgif1;Tmod1;Psd3;Frmd4b;Mitf;Fam124b;Camta1;Asxl3;Pappa;Hivep2;Ttpa;Sort1;Nck2;Sh3rf1;Sept7;Mpp3;Eif4e3;Cntnap1;Gja6;Spast;Arhgap26;Gria3;Mapk6;Nhsl2;Lrrc71;Ldlrad3;Tlx3;Elavl4
miR-290-5p/292-5p/371-5p/293,711,185,11,0.830656478577316,0.710891308519599,Arap2;Mllt11;Cerk;Pknox2;Tpbg;Celf2;Nav1;Mmp16;Dlx1;Dab1;Elavl4
miR-199ab-5p,711,324,21,0.840776593479397,0.777686311389716,Als2;Tmod1;Rbm24;Zfp516;Myo1c;Grb10;Ppp1r1a;Hapln1;Celf2;Lamc1;Ston2;Pvrl1;Ttbk1;Mvb12b;Lrrc17;Map3k11;Podxl;Qrfp;Cav1;Cbl;Myef2
miR-190/190ab,711,102,5,0.84611849495039,0.58034193504386,Hoxc5;Panx2;Ptprs;Elavl4;Foxp2
miR-138/138ab,711,398,26,0.864074106894246,0.782933854446434,Slc7a11;Sept11;Tceal6;Myo1c;Asxl3;Pappa;Trp53inp2;Gpx7;Ube2v1;Pde3a;Col4a2;Sorbs2;Zeb2;Clvs1;Sptb;Mapk6;Slc6a8;Map3k11;Gatad2a;Nhsl2;Galntl6;Phactr4;Tmem198;Tcf3;Limch1;Lhfpl3
miR-505/505-3p,711,135,7,0.867135079796809,0.615042906922112,Nrip3;Nck2;Slc16a12;Mmp16;AI846148;Zfp704;Ldoc1
miR-496,711,75,3,0.868709403003261,0.469250573986663,Pappa;Tacc1;Pbx3
miR-125a-5p/125b-5p/351/670/4319,711,604,40,0.909057870335068,0.790731161149369,Eaf1;Jup;Sept11;Tnfaip3;Bmf;Tacc2;Mapre2;Rbm24;Clic4;Emid1;Prkaa2;Grb10;Asxl3;Zswim4;Tmem120b;Scn4b;Crb2;Hapln1;Cyp24a1;Sort1;Lin28a;Cgref1;Ccnjl;0610040J01Rik;Ppp1r37;Esrrg;Sptb;Rapgefl1;Zswim6;Dusp15;Map3k11;Syt7;Podxl;Samd14;Rassf10;Apba1;Peak1;Tmem198;St18;Zfp704
miR-17/17-5p/20ab/20b-5p/93/106ab/427/518a-3p/519d,711,899,62,0.914127106452893,0.822707797460038,Sema7a;Rorc;Egln3;Bcl2l11;Arap2;2700081O15Rik;Cep170;Dusp2;Trpv6;Smoc1;Tnfrsf21;Phf6;Etnk1;Ptprj;Camta1;Asxl3;Cd69;Nrip3;Chrm2;Ntn1;Egr2;Pfkp;Celf2;Coro2b;Zic1;Mast3;Gab1;Fzd3;Sema4g;Neurog1;Slc16a12;Sorbs2;Bend4;Cntnap1;Frs2;Ntrk3;Dip2a;Tns1;Rapgefl1;Vangl1;Shc4;Arhgap26;Csf1;Smoc2;Wwtr1;Syt7;Map3k13;Nanos1;Panx2;Igf2bp1;Cd274;Igsf10;Fam117a;Kif26b;Adamts5;Gpr137b;Dab1;Pbx3;Il17rd;Bambi;Zfp704;Tor1aip2
miR-183,711,269,15,0.930134161609646,0.661088911279676,Ppm1e;Spry2;Phf6;Pknox2;Celf2;Nck2;Sept7;Cx3cl1;Zeb2;Pim1;Kcnj14;Map3k13;Podxl;Cacna1e;Ezr
miR-33a-3p/365/365-3p,711,188,8,0.973603320907644,0.49726433517645,Fbxo30;Ptprj;Maf;Fam91a1;Fzd5;Wwtr1;Kcnmb1;Map3k13
miR-187,711,7,1,1,1,Bcl6
miR-451,711,13,0,1,1,
miR-551a,711,5,0,1,1,
miR-296-3p,711,29,0,1,1,
miR-487b,711,12,0,1,1,
miR-615-3p,711,4,0,1,1,
miR-450a/451a,711,5,0,1,1,
