Geneset,Up_Total_DE,Up_Total_In_Set,Up_Total_DE_In_Set,Up_Pvalue,Up_Odds,Up_DEGenesInSet
miR-181abcd/4262,1408,780,161,0.00017248643869527,1.40346142190966,Bach2;Samhd1;Bcl2;Fam102a;S1pr1;Btla;Smad7;Carm1;Tnf;Sept11;Ipo5;Mboat1;Rbbp7;Crim1;Stk10;Cblb;Nucks1;Zfp36l1;Zfp36l2;Ankrd44;Agfg1;Tnik;Gng2;Hsp90b1;Slc2a3;Fam3c;Ap1s3;Cluh;Syt11;Ran;Plcl2;Cd69;Dek;Bcl2l11;Foxk1;B4galt1;Tcerg1;Sos1;Slc9a6;Baz1a;Usp12;Arf3;Mycbp2;Fam178a;Erf;Entpd6;Cep41;Nab1;Dennd4a;Peak1;Mbnl1;Zdhhc3;Wdr76;Kpnb1;Dcp2;Otud4;Phactr2;Tmed5;Dpysl2;Dock4;Actr2;Atp2a2;Ppm1b;Lclat1;Sipa1l1;Naa50;Baiap2;Notch2;Cdon;Larp4;Tmem9b;Atp8b2;Prkaa1;Card11;Wnk1;Dnajb5;Heca;Hyou1;Ankrd52;Ago2;Rasa2;Hmgb2;Ptbp3;Elmsan1;Gpd2;Foxp1;Hipk3;Afg3l2;Egr1;Atp2b1;Kif1b;Jade2;Luzp1;Prkce;Tgfbr3;Mtx3;Nlk;Tmed8;Ttc39b;Mink1;Gfpt1;Lpp;Naa15;Mybl1;Ilf3;Tnfaip1;Gid4;Rap1b;Kpna1;Metap1;Bcl9;E2f5;Lmbrd2;Cpd;Ywhag;Cops2;Bhlhe40;Prkag2;Lrrc32;Cbx5;Dopey1;Fam122b;Map4k4;L1cam;Phip;Zfp951;Nol8;Usp42;Kcnq5;Ncoa2;Tox;Magohb;Ppip5k2;Pom121;Zbtb4;Slc37a3;Scamp2;Camsap2;Zfp930;Ythdc2;Phtf2;Txndc12;Kctd10;Acap2;Nus1;Lcorl;Zzz3;Dip2b;Cdk8;Lrba;Zfp800;Pdap1;Ddit4;G3bp2;Tmem165;Atp1b1;Plekhj1;Igf2bp3;Akap6;Sfmbt1;Pik3r3
miR-124/124ab/506,1408,1296,243,0.00231555187198794,1.2469128904956,Ccnd2;Itgae;Bach2;Vim;Adgrg5;Cotl1;Irf1;St3gal1;Inpp4b;Pmepa1;Lcp1;Pde7a;Rps6ka1;Hectd2;Sept11;Nr4a1;Ikzf2;Stk39;Mcur1;Tfrc;Parp9;Slc7a1;E2f3;Tpst2;Ipcef1;Adam19;Tle4;Rarg;Smurf2;Zfp831;Ttc7;Pml;Fchsd2;Ugcg;Zfp36l2;Ankrd44;Gng2;Slc35g1;G3bp1;Eif3b;Prdx6;Vps37b;Suclg2;Gm17296;Arpc1b;Pea15a;Ttc3;Irf2bpl;Tmem109;Gria3;Chsy1;Flnb;Tmem104;Gltp;Nsun2;Sgms1;Ptpn12;Map3k3;Usp14;E2f6;Bcl2l11;Abca2;Arhgap39;B4galt1;Traf3;Egr2;Sos1;Sdad1;Slc12a2;Pgm2;Slc9a6;Ar;Larp1;Kpna3;Sfxn1;Nkrf;Fam178a;Erf;Rbl1;Ssr1;Peak1;Sugt1;Mlec;Galnt10;Zdhhc3;Raver2;Ski;Slc25a13;Myh9;Myo5a;Kpnb1;Ak2;Rnf19a;Slc5a3;Nfatc2;Mat2a;Otud4;Qsox1;Phactr2;Rock2;Adgrl1;Itpr3;Lpin1;Capn2;Lclat1;Abcc4;Paxbp1;Tshz1;Mllt3;Inf2;Marveld1;Tsen54;Syncrip;Padi2;Tacc2;Tfap4;Snx5;Diaph2;Hivep3;Dock5;Arhgef4;Mtr;Wnk1;Rffl;N4bp1;Znrf3;Elovl5;Nfatc1;Rab27a;Rbms1;Ago2;Pqlc3;Ptbp3;Elmsan1;Frmd8;Gpd2;Stt3a;Sgpl1;Endod1;Enpp4;Hipk3;Rnf144a;Zfp287;Pik3c2a;Egr1;Slc25a39;Prps1;Iqgap2;Kif1b;Ptpn1;Macf1;Sbk1;Mtx3;Tmem134;Kif2a;Fubp1;Limd2;Lpp;Iffo2;Naa15;Rxra;Sumf1;Nudcd2;Gsn;Tor3a;Cand2;Plec;P4ha1;Ermp1;Polr3g;Thumpd1;Magt1;Nacc1;Fpgs;E2f5;Atl3;Styx;Tbc1d1;Rnf114;Cpd;Hmgxb4;Ascc2;Zbtb11;Arhgef1;Ncoa7;Prkag2;Trmt6;Ldlrap1;Pdxk;Iqgap1;Mtdh;Fam122b;Stk35;Rassf5;Galnt12;Ahr;Phip;Plxna3;Rab11fip1;Aida;Kcnq5;Rcc2;Ncoa2;Tox;Usp1;Cc2d1b;Arrb1;Neurl1b;Ccdc86;Etf1;Scamp2;Slc50a1;Sdf2l1;Orc2;Galc;Snx30;Clock;Akap5;Cpt1a;Tet1;Rassf3;Tet3;Rnf135;Reep3;Mapre1;Susd6;Capn1;Dip2b;Reep2;Actn4;Twsg1;Myo19;Plekhh1;G3bp2;Cbx2;Dennd1b;Itsn2;Tacc1;Fosl2;Akap6;Usp38;Evi5;Plscr3
miR-1ab/206/613,1408,546,109,0.00540048180586694,1.32697050022793,Ccnd2;Bach2;Fam102a;Tmem243;Pmepa1;Pde7a;Pola1;Stk39;Zfp827;Tagln2;Tspan9;Gnpnat1;Crim1;Tpm4;Bri3bp;Nampt;Eml4;Utrn;Tmsb4x;Nucks1;Arhgef3;Zfp36l1;Zfp36l2;Hsp90b1;Coro1c;Pea15a;Pgam1;Fam69a;Lasp1;Adpgk;Adar;Helz2;Hacd3;Hspd1;Hspe1;Arf3;Dnmt3a;Nr4a2;Mapk3;Ppib;Peak1;Plekho2;Xpo6;Papd7;Slc39a10;Nfatc2;Dcp2;Elovl6;Slc25a22;Tpm3;Sptbn1;Smarcb1;Baiap2;Syncrip;Larp4;Nol4l;Tomm70a;Ncl;Rap1a;Lrrc8a;Fam126a;Fam101b;Eml3;Frmd8;Gpd2;Wdr1;Il6st;Foxp1;Ss18;Hipk3;Pik3c2a;Arhgef18;Ptpn1;Luzp1;Prkce;Tgfbr3;Tcf20;Cdc42se1;Kif2a;Fubp1;Sec61a1;Rngtt;Cap1;Dlg4;Lrch1;Matr3;Bpnt1;Rap1b;E2f5;Mmd;Hs3st3b1;Smyd4;Hnrnpu;Sri;Smarcc1;Zbtb4;Tfe3;Slc37a3;Zc3h7b;Ankrd29;Rnf138;Kctd10;Acap2;Zzz3;Zfp800;Azin1;G3bp2;Khsrp;Pi4ka
miR-128/128ab,1408,784,148,0.0122649996233921,1.23958012671367,Tmsb10;Fam102a;Fam65b;Mdn1;Ncapg2;Pde3b;Bcl3;Sh2d3c;Foxo1;Ikzf2;Stk39;Zfp827;Gpr174;Gnpnat1;Set;Glipr2;Sik1;Mapkapk3;E2f3;Adam19;Ugcg;Zfp36l1;Zfp36l2;Adamts10;Coro1c;Adcy7;Limk1;Vsir;Gria3;Hsp90aa1;Gltp;Sgms1;E2f6;Ostf1;Traf3;Sos1;Elovl1;Man1a;Nab1;Peak1;Zadh2;Ehd3;Sfmbt2;Papd7;Ak2;Slc5a3;Dcaf7;Dcp2;1700025G04Rik;Elovl6;Cdc6;Tmed5;Dock11;Car12;Smarca2;Naa50;Ttc28;Tmem64;Larp4;Tmem9b;Eif2s2;Ppp2r1b;Rpn1;Slc39a11;Pak2;Wnk1;Stx1a;Rffl;N4bp1;Vav3;Nfatc1;Rab27a;Hyou1;Ago2;Med14;Rasa2;Fam126a;Gpd2;Sv2a;Lrrfip1;Ss18;Hipk3;Rnf144a;Pik3c2a;Gatad2a;Atp2b1;Bmi1;Efr3a;Tgfbr3;Ppig;Gfod1;Adcy3;Fubp1;Prcp;Sec61a1;Gfpt1;Iffo2;Rngtt;Naa15;Rxra;Rasgef1b;Mknk2;Gspt1;Tnrc18;Plagl1;Rap1b;Elmo1;Zfp652;Fam49b;Mmd;Atl3;Cpd;Ncoa7;Nfx1;Cbx5;Mtdh;Zc3h12d;Stk35;Tmem248;Lbh;Clpp;Ece2;Irf4;Rab11fip1;Usp42;Nln;Neurl1b;Tmbim6;Pom121;Ikzf1;Suz12;Tet1;Chka;Nus1;Lcorl;Zzz3;Gmps;Fbxl17;Plekhh1;Trim12c;Dennd1b;Ube2w;Rara;Armc8;Tacc1;Stk40;Evi5;Snx12
miR-382,1408,112,26,0.0174485881512002,1.58853020448975,Runx3;Ptgfrn;Ccnyl1;Gm2a;Baz1a;Mbnl1;Ybx1;Syncrip;Nol4l;Znrf3;Hnrnpd;Cep68;Nlk;Mtmr1;Limd2;Cct8;Smurf1;Arhgef12;Eef1a1;Hs3st3b1;Ncoa2;Neurl1b;Sbno1;Srsf12;Foxn2;Tet3
miR-93/93a/105/106a/291a-3p/294/295/302abcde/372/373/428/519a/520be/520acd-3p/1378/1420ac,1408,548,105,0.0201253579625276,1.25600858533012,Ccnd2;Fam102a;St3gal1;Rps6ka1;Irf9;Itgb3;Ikzf2;Zfp827;Tgfbr2;Asf1b;Mllt6;Crim1;Parp8;Sik1;Atad2;Rora;Tle4;Asap1;Gpr146;Kpna2;Polq;Zfp367;Bcl2l11;P2rx4;Wee1;Chn2;BC037034;Dusp2;Tet2;Dsn1;Rbl1;Ssr1;Arhgap29;Peak1;Mbnl1;Ak2;Dcaf7;Dcp2;Elovl6;Hn1;Rock2;Tiam1;Lclat1;Rgmb;Tmem64;Larp4;Snrk;Tfap4;Nol4l;Snx5;Ect2;Pak2;Znrf3;Ankrd52;Tmem123;Wdr1;Il6st;Ankrd13b;Hipk3;Adam9;Arhgef18;Atg7;Tcf20;Mink1;Iqsec1;Cnot6l;Tnfaip1;Mknk2;Tnrc18;Mfn2;Elf4;Nelfe;Slc25a40;Metap1;E2f5;Zbtb11;Aebp2;6030458C11Rik;Ncoa7;Ube2j1;Rab11fip1;Usp42;Tox;Rassf2;Sbno1;Zbtb4;Irf2bp2;Srsf12;Snx30;Clock;Pfkp;Tet1;Tet3;Reep3;Lcorl;Zfp800;Rabep1;Ube2r2;Ube2w;Zfp512b;Irf2;Armc8;Eif4b;Akap6;Pik3r3
miR-148ab-3p/152,1408,463,89,0.0272678791367129,1.25818119302281,Bach2;Tnfrsf1b;Tmsb10;S1pr1;Arhgap20;Tfrc;Gnpnat1;Ccna2;Mllt6;Sik1;Dnmt1;E2f3;Cblb;B4galt5;Tmsb4x;Smurf2;Slc16a6;Ugcg;Agfg1;Ccnf;Pea15a;Cluh;Taf4b;Cyth3;Sgms1;Bcl2l11;Egr2;Sos1;Canx;Fam178a;Itpk1;Ssr1;Pdia3;Mlec;Dcp2;Otud4;Phactr2;Zcchc2;4930523C07Rik;Denr;Atp2a2;Syncrip;Npepl1;Tmem9b;Nol4l;Tomm70a;Prkaa1;Hivep3;Ankrd52;Ago2;Gpd2;Stt3a;Il6st;Hipk3;Gpcpd1;Ptpn1;Foxk2;Nlk;Fubp1;Limd2;Naa15;Lrch1;Kpna1;Elmo1;Cs;Arhgef12;Slc2a1;Mmd;Styx;Chchd4;Cpd;Prkag2;Eml2;Invs;Phip;Kcnq5;Rcc2;Sbno1;Clock;Ythdc2;Sun2;Gpi1;Cdk8;Plekhh1;Ube2w;Itsn2;Tanc1;Cyb5r4;Pik3r3
miR-103a/107/107ab,1408,418,81,0.0278204371706104,1.26984652166771,Bach2;Btla;Pde3b;Carm1;Gnpnat1;Ccnyl1;Pacsin1;Tle4;Kif23;Ankrd44;Agfg1;Slc35g1;Trim26;Ran;Usp14;Traf3;Htt;Vopp1;Kpna3;Cdk6;Mbnl1;Ak2;Rnf19a;Tspan5;Arpc5l;Otud4;Elovl6;Cdc6;Phactr2;Zcchc2;Actr2;A830080D01Rik;Cdon;Snrk;Nol4l;N4bp1;Znrf3;Kcna2;Micall1;Nktr;Znrf2;Gpcpd1;Prkce;Tgfbr3;Ppig;Fubp1;Fam60a;Naa15;Fam117b;Dlg4;Kpna1;Map4;Styx;Cpd;Cops2;Tmem206;Lrrc32;Glud1;Tmem248;Rassf5;Usp42;Cc2d1b;Hacd2;Ppip5k2;Sbno1;Zc3h7b;Suz12;Sun2;Susd6;Snx11;Sh3bp5;Cdk8;Yaf2;Fbxl17;Ube2r2;G3bp2;Dennd1b;Armc8;Eif4b;Fam49a;Snx12
miR-320abcd/4429,1408,464,89,0.028667008093393,1.25464659539012,Ccnd2;Vim;S1pr1;Zdhhc15;Xpo1;Ikzf2;Smc2;Tgfbr2;Chek1;Smurf2;Zfp36l1;Agfg1;Tnik;Arid5b;Vps37b;Taf4b;E2f1;Pole4;Exo1;Herc3;Plk3;Arhgap29;Cdk6;Cyth1;Hspa4;Cenpf;Mat2a;Elovl6;Zcchc2;Adgrl1;Pdzd8;Atp5g1;Cbarp;Mllt3;Tmem64;Nsl1;Tomm70a;Zfp281;Serbp1;Rap1a;Pigk;Wnk1;N4bp1;Rab27a;Tmem123;Wdr1;Usp37;Lrrfip1;Hipk3;Prps1;Bmi1;Foxk2;Lrrc4;Ywhaq;Ckap5;Fam117b;Gspt1;Supt16;Gid4;Zdhhc21;Zmiz1;Fam49b;Myl12a;Atl3;Arpc5;Cpd;Cops2;Mtdh;Kctd9;Akt3;Rassf2;Plxnc1;Smarcc1;Armcx2;Zc3h7b;Tcea1;Tet1;Phtf2;Acap2;Susd6;Ppp1r3f;Ank;Atrx;Fbxl17;Cnbp;Vkorc1l1;Igf2bp3;Sfmbt1;Lrrc40
miR-15abc/16/16abc/195/322/424/497/1907,1408,884,159,0.0484011910709937,1.16293916605963,Ccnd2;Bach2;Bcl2;Arhgap20;Plekha1;Btla;Smad7;Carm1;Sept11;Gpr174;Chek1;Slc7a1;Ccne1;Mov10;Mllt6;Crim1;Ccnyl1;Smyd5;Sik1;Ahcyl2;E2f3;Nucks1;Tle4;Smurf2;Kif23;Fchsd2;Slc35g1;Slc2a3;Cdca7l;Cluh;Vsir;Irf2bpl;Zfp367;Map3k3;Usp14;B4galt1;Traf3;Shcbp1;Cxcl10;Wee1;Slc12a2;Slc9a6;Usp12;Arf3;Higd1a;Kpna3;Mapk3;Psme3;Ski;Nup210;Dcaf7;Tspan5;Slc39a10;Nfatc2;Dcp2;1700025G04Rik;Otud4;Slc25a22;Rftn1;Zcchc2;Rock2;Cdc25a;Adgrl1;Pdzd8;Actr2;Eif3a;Atp5g1;Zyx;Eif2s1;Cdon;Tspyl2;Sidt1;Snrk;Ppp2r1b;Nol4l;Serbp1;Stx1a;N4bp1;Fam126a;Prr11;Znrf2;Ankrd13b;Hipk3;Pik3c2a;Hdgf;Gatad2a;Prkar2a;Kif1b;Luzp1;Tgfbr3;Ppig;Tmed8;Fam60a;Limd2;Srprb;Mink1;Lpp;Acsl4;Naa15;Ywhaq;Map2k1;Rasgef1b;Tnfaip1;Thada;Supt16;Kcnn4;Plagl1;Mfn2;Smurf1;Kpna1;Rnf43;Map4;Gpn1;Bcl9;Bace1;Mmd;Styx;Adap1;Cpd;Cops2;Hs3st3b1;Cul2;Tmem206;Lrrc32;Glud1;Cbx5;Sil1;Nfe2l1;Rassf5;Akt3;Ube2j1;Phip;Usp42;Kcnq5;Zfp592;Pdia6;Siah1a;Tuba1a;Cc2d1b;Neurl1b;Rassf2;Ocrl;Clock;Rnf138;Suz12;Lypla2;Tet3;Mapre1;Cops7a;Lcorl;Snx11;Cdk8;Pdap1;Plekhh1;Dennd1b;Eif4b;Tacc1;Fosl2;Evi5
miR-122/122a/1352,1408,113,24,0.0556703335998401,1.41430147655021,Bach2;Pmepa1;Slc2a3;Aldoa;Pkm;Cept1;Mbnl1;Aldh18a1;Nol4l;Foxk2;Luzp1;Mink1;P4ha1;Cs;Hnrnpu;Hif3a;Ctdnep1;Zbtb4;Orc2;Mapre1;Acap2;Lcorl;G3bp2;Atp1b1
miR-22/22-3p,1408,301,58,0.0560953980588945,1.25614481671817,Bin1;Stk39;Zfp827;Cyth3;Ikzf4;Nhp2;Htt;Map3k5;Dnmt3a;Tet2;Mthfd2;Mbnl1;Ski;Sephs1;1700025G04Rik;Mat2a;Elovl6;Cdc6;Cdc25a;4930523C07Rik;Tiam1;Pdss1;Snrk;Nol4l;Tmem164;Dnajb5;Hnrnpd;Ankrd52;Sv2a;Usp37;Foxp1;Znrf2;Prkar2a;Ptpn1;Lpp;Thada;Lrch1;Arhgef12;Fam49b;Slc2a1;Arpc5;Styx;Tbc1d1;Akt3;Fnbp4;Rcc2;Arrb1;Srf;Srsf10;Epb41l2;Snx30;Tet1;Susd6;Naa20;Pdap1;Homer1;Ddit4;Rbm15
miR-217,1408,207,41,0.0610164653052555,1.29759246344129,Bach2;Abcc1;Rapgef6;Tmsb4x;Asap1;Smurf2;Rab37;Agfg1;Coro1c;Dek;Hspa9;Chn2;Anln;Slc39a10;Eif5b;Dock4;Hivep3;Stx1a;Ago2;Fam126a;Stt3a;Usp37;Hipk3;Macf1;Fam60a;Iffo2;Klf12;Psip1;Ywhag;Aebp2;Kctd9;Usp6nl;Gdi2;Atp11c;Kctd10;Yaf2;Gmps;G3bp2;Atp1b1;Tacc1;Usp38
miR-25/32/92abc/363/363-3p/367,1408,656,119,0.0624284212489244,1.17086533858932,S1pr1;Plekha1;Sorl1;Sesn3;Tagap;Gramd1b;Rgs3;Pmepa1;Smad7;Klf2;Ikzf2;Stk39;Zfp827;Sik1;E2f3;Adam19;Nucks1;Ankrd44;Prc1;Cdca7l;Pgam1;Cd69;Gria3;Bcl2l11;Traf3;Rab8b;Usp36;Slc12a2;Xylt2;Mycbp2;Dnmt3a;Sfxn1;Tet2;Pitpnc1;Cep41;Arhgap29;Peak1;Zdhhc3;Ski;Sfmbt2;Myh9;Myo5a;Papd7;Eif5b;Ubash3b;Otud4;Zcchc2;Fry;Pdzd8;Atp2a2;Lpin1;Paxbp1;Ttc28;Eomes;Tacc2;Nol4l;Rap1a;Dock5;Micall1;Foxp1;Lin54;Hipk3;Zfp287;Sdc3;Iqgap2;Nsf;Jade2;Lrrc4;Sbk1;Luzp1;Efr3a;Prkce;Nlk;Adcy3;Fubp1;Lpp;Naa15;Klf12;Smurf1;Gid4;Rap1b;Slc25a32;Zdhhc21;Mmd;Styx;Cops2;Morc3;Nsmf;Mtdh;Stx17;Hnrnpu;Dock9;Fnbp4;Aida;Neurl1b;Ppip5k2;Rassf2;Ccnc;Sbno1;Ikzf1;Snx30;Foxn2;Rassf3;Chka;Phtf2;Rev3l;Azin1;Atrx;Ddit4;G3bp2;Dennd1b;Ube2w;Zfp512b;Slx4;Fosl2;Usp28;Notch1;Pik3r3;Evi5
miR-873,1408,164,33,0.0664431852287856,1.32215116450882,Crim1;Ahcyl2;Hspa9;Nlrc3;Tusc3;BC037034;Kpna3;Tet2;Pitpnc1;Ssr1;Plekho2;Sephs1;Phactr2;Pgk1;Tshz1;Atp8b2;Padi2;Tacc2;Hdgf;Foxk2;Adcy3;Gid4;Kpna1;Elmo1;Pja1;Slc25a3;Fam220a;Kcnq5;Trim33;Cc2d1b;Tet1;Rnft1;Srrm2
miR-23abc/23b-3p,1408,724,130,0.0699936093109852,1.15662726766951,Cnn2;Arhgap20;Irf1;Btla;Pde7a;Tgfbr2;Ipo5;Rcn1;Maml2;Slc7a1;Set;Crim1;Sik1;Cblb;Adam19;Klhdc2;Smurf2;Gng2;Hsp90b1;Setx;Rras2;Bora;Tmem109;Dtl;Pkp4;Flnb;Il6ra;Nt5dc3;Foxk1;Map3k5;Sos1;Prkca;Dnmt3a;Kpna3;Tet2;Nab1;Ifngr2;Prkrir;Enc1;Slc39a10;Mat2a;Elovl6;Tpm3;Phactr2;Zcchc2;Rock2;Sema4b;Eif3a;Sipa1l1;Naa50;Jak1;Tmem64;Syncrip;Eomes;Nol4l;Snx5;Rap1a;Pak2;Wnk1;Znrf3;Ankrd52;Ago2;Hmgb2;Mogs;Vti1b;Hipk3;Tpst1;Lrrc4;Macf1;Prkce;Tgfbr3;Ptk2b;Tcf20;Atp11b;Mllt4;Tmpo;Lpp;Naa15;Sumf1;Lrch1;Plagl1;Elf4;Rap1b;Kpna1;Rnf43;Cs;Nacc1;Cpd;Hmgxb4;Ywhag;Ero1l;Rnf219;Stx17;Stk35;Map4k4;Map7d1;Casp7;Hnrnpu;Kcnq5;Pdia6;Ncoa2;Tox;Ppp1r13b;Magohb;Gprc5b;Sbno1;Pom121;Smarcc1;Snx30;Tet3;Mapre1;Thrap3;Rnft1;Arhgap27;Lrba;Cfdp1;Fbxl17;G3bp2;Dennd1b;Dhrs11;Zfp512b;Irf2;Ptp4a2;Tanc1;Prkcsh;Intu;Uba6;Pik3r3;Cmtm3;Zfp420
miR-186,1408,478,88,0.0700208801144254,1.18934094237328,Ccnd2;Bach2;Mdn1;Pde3b;Zdhhc15;Abcc1;Nup93;Tgfbr2;Maml2;Stk17b;Cblb;Nucks1;Smurf2;Zfp831;Zfp36l1;Zfp36l2;Prdx6;Syt11;Ran;Gria3;Dek;Ext1;Ostf1;Cept1;Zcchc11;Cirh1a;Sept7;Ints2;Psme3;Pabpc1;Rbm38;Papd7;Nasp;Mat2a;Eif5b;Xpot;Otud4;Tmed5;Ppm1b;Eif3a;Mllt3;Syncrip;Nol4l;Diaph2;Hyou1;Cyld;Hmgb2;Tmem201;Gpcpd1;Vprbp;Jade2;Foxk2;Tcf20;Gfod1;Acsl4;Naa15;Dusp7;Cbx3;Gid4;Kpna1;Map4;Tpr;Ankrd12;Ppfibp1;Invs;Hnrnpu;Irf4;Zfp592;Ncoa2;Srf;Sbno1;Tmbim6;Galc;Add1;Snx30;Foxn2;Suz12;Reep3;Acap2;Nus1;Zzz3;Fam124b;Ube2r2;Cdkl4;Itsn2;Armc8;Eif4b;Pik3r3
miR-192/215,1408,95,20,0.0752602120922383,1.39724861429584,Sik1;Rrm1;Ankrd44;Pkp4;Msn;Higd1a;Dnmt3a;Nab1;Myo5a;Enc1;Slc5a3;1700025G04Rik;Cdc6;Arhgap19;Cdon;Wnk1;Sh2d2a;Nipal1;Zbtb4;Fbxl17
miR-28-5p/708/1407/1653/3139,1408,107,22,0.0840092143464284,1.35624877500255,Map3k3;Rab8b;Ssrp1;Chl1;Dnmt3a;Erf;Prkcq;Nol4l;N4bp1;Luzp1;Srprb;Iffo2;Elf4;Rap1b;Nnat;Ero1l;Lbh;Sbno1;Etf1;Pom121;Rpp14;Fbxl17
miR-433,1408,201,39,0.08421417031104,1.26363207034951,E2f3;Nucks1;Adpgk;Usp14;Chl1;Baz1a;Ints2;Nab1;Mbnl1;Myh9;Tmed5;Syncrip;Nsl1;Serbp1;Ankrd52;Med14;Fbxo48;Cenpj;Hnrnpr;Zmiz1;Magt1;Ankrd12;Mmd;Styx;Ywhag;Hs3st3b1;Sorbs1;Tet1;Pccb;Tet3;Actr3;Snx11;Zzz3;Bard1;Azin1;Fbxl17;Rhobtb2;Cox8a;Stk40
miR-150/5127,1408,162,32,0.0847853123183706,1.29119255430375,Pde7a;Adam19;Rarg;Pold3;Sgms1;Map3k3;Elovl1;Pdia3;Sephs1;Ankrd52;Rfc1;Foxp1;Prps1;Tmem134;Cep68;Acsl4;Gid4;Mtch2;Cpd;Aebp2;Lbh;Pdia6;Cc2d1b;Srf;Etf1;Pom121;Zbtb4;Irf2bp2;Tet3;Zzz3;Eif4b;Fam49a
miR-383,1408,104,21,0.102540029353949,1.32520978840588,Irf1;Shmt2;Rapgef6;Agfg1;Vsir;Brip1;Dnmt3a;Dpysl2;Tbc1d5;Nup153;Rbms1;Gadd45g;Arhgef12;Nnat;Map7d1;Trim33;Hnrnpdl;Ube2r2;Cnih1;Il1rap;Prdx3
miR-361-5p,1408,138,27,0.109575027067989,1.27465427365957,Foxm1;Lad1;Slc16a10;Snd1;Hsp90aa1;Brca1;Chl1;Dnmt3a;Kpnb1;Syncrip;Diaph2;Nup153;Igsf6;Rragb;Gid4;Thumpd1;Arhgef12;Atl3;Aebp2;Ero1l;Trmt6;Tet3;Lrba;Piga;Pgm3;Armc8;Gnptg
miR-504/4725-5p,1408,122,24,0.114791845165817,1.28284270187565,Bach2;Crtam;Chd3;Zfp827;Sik1;Gbp7;Fmnl3;Bora;Nlrc3;Ier2;Mcmbp;Chl1;Polr3e;Elovl6;Slc25a22;Gpr55;Lrrfip1;Ptpn1;Limd2;Rnf114;Ehd4;Akt3;Lcorl;Pomt2
miR-219-5p/508/508-3p/4782-3p,1408,300,55,0.123861418174918,1.17847329066013,Zfp827;Tgfbr2;Ccna2;Appl2;Fchsd2;Slc16a6;Ankrd44;Coro1c;B4galt1;Ergic1;Wee1;Zdhhc3;Atp10d;Slc39a10;Dcp2;1700025G04Rik;Xpot;Ubash3b;Phactr2;Sptbn1;Lclat1;Sipa1l1;Syncrip;Snrk;Nol4l;Lrrc8a;Rbms1;Ankrd52;Ago2;Kif1b;Foxk2;Ppig;Gtpbp1;Lpp;Mknk2;Tnrc18;P4ha1;Arhgef12;Fam160a2;Fnbp4;Ncoa2;Gprc5b;Ocrl;Plxnc1;Rassf3;Rnft1;Zfp800;Ank;Fbxl17;Cbx2;Armc8;Tacc1;Akap6;Hps3;Sfmbt1
miR-184,1408,17,4,0.124186021578225,1.60738668682137,Mlec;Nol4l;Ago2;Nus1
miR-26ab/1297/4465,1408,672,118,0.127538334465246,1.12179326457474,Ccnd2;Mdn1;Pmepa1;Carm1;Cd200;Stk39;Rcn1;Gnpnat1;Zdhhc18;Rcbtb1;Cblb;Adam19;Nampt;Abi2;Gpr146;Slc16a6;Tspan14;Kpna2;Scml4;Hipk2;Ap1s3;Lasp1;Chsy1;Fkbp3;B4galt1;Slc12a2;Larp1;Dnmt3a;Camkk2;Fam178a;Tet2;Pitpnc1;Ints2;Cks2;Nab1;Dennd4a;Mlec;Galnt10;Sfmbt2;Enc1;Dcaf7;Mat2a;Otud4;Zcchc2;Adgrl1;Dock4;Abcc4;Prkcq;Mllt3;Ttc28;Tmem64;Dnmt3b;Ehd1;Serbp1;Rap1a;Pak2;Wnk1;Nup153;Znrf3;Ankrd52;Celsr1;Fam118a;Usp37;Nktr;Pik3c2a;Tnks1bp1;Nsf;Adam9;Usp9x;Cep68;Ppig;Nlk;Mtmr1;Lpp;Naa15;Faim;Mknk2;Dlg4;Dnm1l;Arhgef12;Mmp14;Fam49b;Atl3;Huwe1;Styx;Cops2;Bhlhe40;Prkag2;Tmem206;Mtdh;Tmem248;Ube2j1;Trim33;Sbno1;Etf1;Pom121;Armcx2;Zc3h7b;Snx30;Tet1;Mtx2;Lsm12;Rassf3;Atp11c;Tet3;Reep3;Nus1;Thrap3;Cdk8;Fbxl17;Homer1;Plekhh1;G3bp2;Dennd1b;Intu;Fosl2;Depdc1b;Pik3r3
miR-210,1408,18,4,0.150378640546901,1.49238922999192,B4galt5;Zadh2;2310061I04Rik;Hif3a
miR-223,1408,189,35,0.153309565356041,1.1907689653145,Stk39;Crim1;Smurf2;Hsp90b1;Adcy7;Rras2;Treml2;Rab8b;Dusp2;Mbnl1;Eif5b;Otud4;Naa50;Tmem64;Syncrip;Vav3;Il6st;Foxp1;Pik3c2a;Atp2b1;Tgfbr3;Cep68;Map4;Styx;Cops2;Aebp2;Cbx5;Phip;Wdr62;Slc37a3;Tet3;Plekhh1;Ddit4;Atp1b1;Slc39a1
miR-130ac/301ab/301b/301b-3p/454/721/4295/3666,1408,606,105,0.177542413241738,1.10131402614051,Runx3;Bach2;Tnfrsf1b;S1pr1;Rapgef4;Kit;Irf1;Pmepa1;Tnf;Ptgfrn;Tgfbr2;Gnpnat1;Mllt6;Sik1;Cblb;Ipcef1;B4galt5;Smurf2;Hprt;Ugcg;Agfg1;Scml4;Timp2;Vps37b;Adcy7;Pea15a;Cluh;Cd69;Zfp367;Taf4b;Slc12a7;Bcl2l11;Ikzf4;Baz1a;Ar;Canx;Fam178a;Itpk1;Mlec;Mbnl1;Zadh2;Slc39a10;Dcp2;Phactr2;Dpysl2;Lclat1;Abcc4;Naa50;Syncrip;Larp4;Npepl1;Tmem9b;Tspyl2;Ppp2r1b;Snx5;Prkaa1;Wnk1;N4bp1;Znrf3;Hnrnpd;Ago2;Cyld;Gpd2;Il6st;Endod1;Fbxo48;Hipk3;Gpcpd1;Srsf2;Gfod1;Fubp1;Limd2;Acsl4;Mybl1;Memo1;Casd1;Lrch1;Dnm1l;Map4;Slc25a32;Arhgef12;Ankrd12;Rpa2;Map4k4;Ahr;Cbfb;Sbno1;Zbtb4;Spg20;Pxk;Clock;Tet3;Mapre1;Nus1;Lcorl;Rbbp8;Sh3bp5;Zfp800;Piga;Atrx;G3bp2;Cnih1;Fosl2;Sfmbt1;Prkd3
miR-145,1408,445,78,0.178323910038838,1.11557800289525,Ccnd2;Bach2;Add3;Rgs3;Abcc1;Foxo1;Ikzf2;Tfrc;Tagln2;Tgfbr2;Slc7a1;Crim1;Tpm4;Rcbtb1;E2f3;Adam19;Nucks1;Ugcg;Plcl2;Adpgk;Flnb;Abce1;Fkbp3;Map3k3;Map3k5;Sfxn1;Nr4a2;Fam178a;Erf;Tet2;Myo5a;Kpnb1;Phactr2;Dpysl2;Zcchc2;Naa50;H2afx;Larp4;Tmem9b;Abracl;Ppp2r1b;Ankrd52;Rasa2;Fam126a;Hipk3;Dnajb11;Mtx3;Thumpd3;Angpt2;Fam60a;Acsl4;Klf12;Naa40;Plagl1;Elmo1;Ddc;Dusp6;Myl12a;Arpc5;Ywhag;Scamp1;Nfe2l1;Zhx2;Map4k4;Dock9;Rassf2;Irf2bp2;Camsap2;Lmnb2;Orc2;Ivns1abp;Ggt7;Rev3l;Atrx;Plekhh1;Ptp4a2;Eif4b;Uba6
miR-339b/339-5p/3586-5p,1408,112,21,0.18155814898101,1.2073682008644,Bach2;Abi2;Smurf2;Pea15a;Bcl2l11;Ier5;Sos1;Cyth1;Ankrd52;Znrf2;Kif1b;Rap1b;Nacc1;Nnat;Rnf114;Cers4;Tuba1a;Mapre1;Acap2;Plekhh1;Fosl2
miR-544/544ab/544-3p,1408,269,48,0.187228289573071,1.13821657829958,Arhgap20;Zdhhc15;Foxo1;Eml4;Slc16a10;Timp2;Dis3;Hspa9;Sgms1;Ssr1;Parpbp;Nab1;Slc5a3;Slc39a10;Dcp2;Elovl6;Slc25a22;Atp2a2;Sipa1l1;Trim25;Syncrip;Ppp2r1b;Txnrd2;Wdr1;Zfp287;Gatad2a;Srsf2;Usp9x;Arpc2;Naa15;Tnrc18;Cops2;Aebp2;Sh2d2a;Kctd9;Phip;Tox;Thoc1;Kdm2b;Pxk;Polr1e;Akap5;Foxn2;Tet3;Mapre1;Susd6;Rpp14;Dennd1b
miR-488,1408,211,38,0.191508455628549,1.15031745622645,Vim;Rnf149;Nampt;Gria3;Ier2;Vopp1;Peak1;Mlec;Mbnl1;Zadh2;Dctd;1700025G04Rik;Mat2a;Eif5b;Otud4;Ppm1b;Eif3a;Nol4l;Diaph2;Zfp281;Dock5;Creld2;Utp15;Tnfsf11;Atp2b1;Iqsec1;Lpp;Cnot6l;Rngtt;Rap1b;Fam49b;Aebp2;Cbx5;Rab11fip1;Srf;Tet3;Rabep1;Lrrc40
miR-125a-5p/125b-5p/351/670/4319,1408,604,104,0.197727070665024,1.09232673060645,Il7r;Lfng;Tnfrsf1b;Fam65b;Esyt1;Pde7a;Rps6ka1;Sept11;Itgb3;Zfp827;Slc7a1;Dpy19l1;E2f3;Gbp7;Ttc7;Slc16a6;St6gal1;Tspan14;Ankrd44;Ppat;Vps37b;Dhx33;Vsir;Il6ra;Ikzf4;Nrm;Rab8b;Elovl1;Usp12;Tet2;Cpm;Peak1;Cyth1;Nup210;Atp10d;Rbm38;Elovl6;Qtrtd1;Lactb;Pcgf6;Sema4b;Lclat1;Abcc4;A830080D01Rik;Tsen54;Tacc2;Zfp281;Wars;Znrf3;Ago2;Tmem123;Elmsan1;Tmem201;Wdr1;Sgpl1;Fam118a;Usp37;Ankrd13b;Hipk3;Rnf144a;Ptpn1;Jade2;Sbk1;Asb13;Luzp1;Klf16;Cdc42se1;Limd2;Lpp;Fbxw4;Dusp7;Mknk2;Memo1;Naa40;Plagl1;Smurf1;Hk2;Slc7a6;Dusp6;Tbc1d1;Arhgef1;6030458C11Rik;Lbh;Ube2j1;Nin;Irf4;Srf;Sbno1;Ankrd29;Orc2;Rassf3;Tet3;Reep3;Susd6;Dnajc10;Lcorl;Ggt7;Abhd6;Plekhh1;Ube2r2;Rhobtb2;Ube2w;Sfmbt1;Usp38
miR-539/539-5p,1408,390,68,0.205842745021725,1.10729005760287,Bach2;Btla;Chst15;Sept11;Ikzf2;Smc2;Ccnyl1;Dpy19l1;Cblb;Abi2;Gbp7;Slc35g1;Ankrd55;Slc2a3;Cdca7l;Mapkapk2;Ide;Cluh;Cyth3;Traf3;Prkca;Kpna3;Nr4a2;Fam178a;Nab1;Mlec;Hlcs;Xpo6;Myo5a;Dcp2;Atad5;Fgf13;Ybx1;Phb2;Larp4;Dnmt3b;Prkaa1;Rap1a;Tmem164;Slc11a2;Dnajb5;Ago2;Med14;Hipk3;Jade2;Mtx3;Tmed8;Gspt1;Cops2;Aebp2;Cltb;Fam122b;Hnrnpu;Akt3;Ahr;Irf4;Fnbp4;Rassf2;Gphn;B3galt6;Gas2l3;Zc3h7b;Camsap2;Galc;Fbxl17;Homer1;Eif4b;Tmem241
miR-494,1408,313,55,0.207364159066955,1.11711425973703,Ccnd2;Kit;Eml4;Stt3b;Slc35g1;Cluh;Dhx33;Bcap29;Irf2bpl;Sgms1;Bcl2l11;Traf3;Zranb3;Nkrf;Cdk6;Enc1;Dcaf7;Dcp2;Hmgcs1;Dpysl2;Ybx1;Syncrip;Tacc2;Arhgap5;Zfp281;Elovl5;Hmgb2;Hdgf;Bmi1;Ikbkap;Jade2;Lpp;Naa15;Rap1b;Slc25a40;Map4;Arhgef12;Mmd;Bhlhe40;Hs3st3b1;Ldlrap1;Cks1b;Tmem248;Lcor;Camsap2;Clock;Ikzf3;Ampd2;Tet3;Thrap3;Zzz3;Atrx;Fbxl17;Tacc1;Slc39a1
miR-592/599,1408,145,26,0.230395766766886,1.14281395756737,Foxo1;Skil;Set;Mctp2;Prkca;Enc1;Nfatc2;BC052040;Tshz1;Baiap2;Znrf3;Ankrd13b;Tcf20;Ppig;Tnrc18;Fam49b;Hs3st3b1;Tmem206;Zc3h12d;Hnrnpdl;Zbtb4;Tet3;Vrk1;Gins3;Tacc1;Evi5
miR-21/590-5p,1408,199,35,0.243712289572039,1.1166747609062,Bcl2;Chd7;Plekha1;Tagap;Smad7;Tgfbr2;Zfp367;Cxcl10;Cd44;Mbnl1;Ski;Zadh2;Peli1;Cdc25a;Tiam1;Notch2;Ehd1;Rffl;Ago2;Rasa2;Hipk3;Cep68;Iffo2;Gid4;Arhgef12;Slc7a6;Rpa2;Trim33;Pom121;Spg20;Tet1;Lcorl;Fbxl17;Tanc1;Stk40
miR-505/505-3p,1408,135,24,0.250256990256437,1.13062621554932,Kit;Crim1;Nucks1;Pim2;Canx;Ski;Cyth1;Eif3a;Eif2s2;Znrf3;Lrrfip1;Cap1;Fam117b;Gid4;Prkag2;Cbx5;Fam122b;Hif3a;Vmp1;Nipal1;Rnf138;Kctd10;Fbxl17;Maged1
miR-370,1408,200,35,0.253893888094797,1.10975093604461,Bach2;Fam102a;Rgs3;Pde7a;Foxo1;Tgfbr2;Adam19;Rap1gds1;Ikzf4;Arf3;Dnmt3a;Erf;Raver2;Cyth1;Dcp2;Cdc6;Dnmt3b;Ncl;St3gal4;Usp37;Cdc42se1;Naa15;Klf12;Thada;Naa40;P4ha1;Arhgef12;Trit1;Trim33;Zc3h7b;Mapre1;Lrba;Fbxl17;Nars;Pomt2
miR-27abc/27a-3p,1408,888,149,0.25743389955548,1.05840594441453,Tmsb10;Fam102a;Fam65b;Mdn1;Pde3b;Xpo1;Bcl3;Sept11;Icos;Foxo1;Ikzf2;Stk39;Zfp827;Gpr174;Maml2;Gnpnat1;Ccna2;Ccnyl1;Glipr2;Sik1;Mapkapk3;Cblb;Adam19;Ugcg;Zfp36l2;Adamts10;Nfkbid;Suclg2;Limk1;Vsir;Fam69a;Plcl2;Gria3;Hsp90aa1;Gltp;Sgms1;E2f6;Traf3;Sos1;Fasn;Kpna3;Man1a;Peak1;Rpn2;Zadh2;Ehd3;Kpnb1;Papd7;Enc1;Slc5a3;Dcaf7;Dcp2;1700025G04Rik;Hmgcs1;Tmed5;Rock2;Lpin1;Naa50;Larp4;Tmem9b;Eif2s2;Rpn1;Slc39a11;Wnk1;Nup153;Stx1a;Rffl;N4bp1;Vav3;Nfatc1;Hyou1;Ago2;Med14;Rasa2;Fam126a;Gpd2;Sv2a;Hipk3;Rnf144a;Gatad2a;Atp2b1;Bmi1;Tgfbr3;Ppig;Nlk;Gfod1;Adcy3;Fubp1;Ttc39b;Gfpt1;Rngtt;Naa15;Rxra;Mknk2;Gspt1;Tnrc18;Elf4;Rap1b;Elmo1;Fam49b;Mmd;Atl3;Cpd;Ncoa7;Nfx1;Zc3h12d;Tmem248;Lbh;Rassf5;Clpp;Ece2;Irf4;Cbfb;Rab11fip1;Usp42;Nln;Tox;Neurl1b;Tmbim6;Pom121;Ikzf1;Add1;Snx30;Suz12;Tet1;Rassf3;Atp11c;Chka;Tet3;Susd6;Zzz3;Cdk8;Rnft1;Agrn;Zfp800;Atrx;Gmps;Plekhh1;Khsrp;Ube2w;Rara;Itsn2;Armc8;Srrm2;Plekhj1;Stk40;Pik3r3;Evi5;Snx12
miR-182,1408,803,135,0.258508007992479,1.06048861751898,Ccnd2;Bach2;Bcl2;B4galnt1;Rapgef4;Esyt1;Add3;Smad7;Zdhhc15;Pde7a;Fam134b;Foxo1;Tes;Zfp827;Skil;Tspan9;Ndrg1;Rapgef6;Stk17b;Glipr2;Sik1;Adam19;Nampt;Rarg;Asap1;Arhgef3;Zfp36l1;Tspan14;Rundc3b;Mctp2;Slc35g1;Pdia4;Coro1c;Gm17296;Ap1s3;Irf2bpl;Gria3;Taf4b;Topbp1;Sgms1;Nt5dc3;Abca2;Ostf1;Npm1;Dusp22;Sos1;Usp36;Nap1l1;Mcmbp;Chl1;Mycbp2;Dnmt3a;Camkk2;Kpna3;Fam178a;Sept7;Arhgap29;Zadh2;Wdr76;Amica1;Rftn1;Adgrl1;Dock4;Tex2;Denr;Pdzd8;Actr2;Tiam1;Naa50;Cbarp;Syncrip;Larp4;Zfp280b;Pfn1;N4bp1;Ago2;Cyld;Med14;Celsr1;Fam118a;Rnf144a;Ptpn1;Jade2;Foxk2;Usp5;Luzp1;Prkce;Fam60a;Lpp;Zc3h15;Gid4;Elmo1;Polr3g;Taf15;Arhgef12;Cep83;Fam49b;Mmd;Mtch2;Ywhag;Aebp2;Ppfibp1;Zhx2;L1cam;Dock9;Phip;Rcc2;Tox;Ppp1r13b;Gphn;Etf1;Ocrl;Ikzf1;Camsap2;Lmnb2;Olfr976;Snx30;Clock;Foxn2;Klhl2;Mapre1;Nus1;Myo19;Yaf2;Gmps;Ube2r2;Zpbp;Cbx2;Dennd1b;Tacc1;Fosl2;Slc39a1;Abhd2;Slc44a2;Evi5
miR-140/140-5p/876-3p/1244,1408,201,35,0.264256221638863,1.10291052518172,Fam102a;Lcp1;Zfp827;Nucks1;Slc16a6;Egr2;Hdac4;Fam178a;Ttk;Myo5a;Rnf19a;Fen1;Phactr2;Dpysl2;Zfp281;Ankrd52;Rasa2;Ptbp3;Tmem123;Adam9;Nlk;Iffo2;Rap1b;Mmd;Ywhag;Siah1a;Trim33;Epb41l2;Foxn2;Susd6;Capn1;Zfp800;Plekhh1;Pgm3;Snx12
miR-197,1408,143,25,0.277055949665711,1.10759319728158,B4galnt1;Chek1;Smyd5;Ugcg;Prkrir;Papd7;Syncrip;Nup153;Hnrnpd;Ago2;Rfc1;Sdc3;Nlk;Cbx3;Ywhag;Scamp1;Rnf26;Tet3;Susd6;Snx11;Ube2r2;Cnbp;Il1rap;Ube2w;Armc8
miR-142-3p,1408,233,40,0.287198104738378,1.08400140127406,Bach2;Crtam;Xpo1;Foxo1;Zfp827;Tpm4;Sik1;Foxm1;Eml4;Utrn;Nucks1;Rarg;Mastl;Fntb;Traf3;Irak1;Fam208b;Pgm2;Baz1a;Myh9;Anln;Slc39a10;Slc25a22;Rock2;Itpr3;Atp2a2;Nol4l;Ago2;Ptbp3;Il6st;Ss18;Acsl4;Tnrc18;Arhgef12;Mmd;Tbc1d2b;Usp6nl;Gas2l3;Slc37a3;Tet3
miR-144,1408,573,96,0.301091812924354,1.05399761808695,Bach2;Pde3b;Foxo1;Tfrc;Ptgfrn;Skil;Gpr174;Hvcn1;Sik1;Foxm1;Arhgef3;Zfp36l2;Agfg1;Vps37b;Gpr183;Cyth3;Hsp90aa1;Bcl2l11;Wee1;Slc12a2;Dnmt3a;Camkk2;Kpna3;Tet2;Atp5g2;Mlec;Mbnl1;Tspan5;Slc39a10;Tmed5;Zcchc2;Rock2;Dnajc2;A830080D01Rik;Syncrip;Tfap4;Prkaa1;Znrf3;Med14;Igsf6;Rgs16;Ss18;Hipk3;Tnfsf11;Atp2b1;Kif1b;Prkce;Ppig;Nlk;Mllt4;Fam60a;Iqsec1;Iffo2;Acsl4;Gspt1;Tnrc18;Rap1b;Kpna1;Zdhhc21;Parn;Nacc1;Scamp1;Aebp2;Ncoa7;Ero1l;Tmem206;Map7d1;Hnrnpu;Usp42;Nln;Tox;Ppp1r13b;Neurl1b;Srf;Plxnc1;Tmbim6;Tet1;Chka;Phtf2;Tet3;Gbe1;Kctd10;Dip2b;Cdk8;Agrn;Zfp800;Atrx;Stat6;Atp1b1;Itsn2;Tanc1;Vkorc1l1;Fosl2;Begain;Depdc1b;Usp38
miR-487b,1408,12,2,0.30177985160161,1.0438140920614,Prkca;Nsmf
miR-411,1408,46,8,0.315741507542925,1.09926275692125,Cd200;Foxo1;Set;Camkk2;Nab1;Zdhhc3;Akap5;Sf3b3
miR-296-3p,1408,29,5,0.319210557259678,1.08756214969929,Itm2a;Chl1;Fam46c;Znrf3;Cd40lg
miR-141/200a,1408,504,84,0.329385968424793,1.04652655498941,Srm;Sept11;Timeless;Ikzf2;Tfrc;Card6;Tgfbr2;Maml2;Sik1;Slc14a1;E2f3;Nampt;Abi2;Gbp7;Ankrd44;Tnik;Irf2bpl;Dek;Adpgk;Map3k3;Tcerg1;Canx;Kpna3;Sept7;Nab1;Peak1;Cdk6;Mbnl1;Slc5a3;Nfatc2;Dcp2;1700025G04Rik;Peli1;Tmed5;Cdc25a;Tiam1;Atp2a2;Nudcd1;Syncrip;Cdon;Ppp2r1b;Zfp281;Lrrc8a;Rbms1;Hnrnpd;Rasa2;Elmsan1;Asxl1;Foxp1;Hipk3;Kif1b;Arhgef18;Prkce;Usp9x;Gfod1;Iqsec1;Lpp;Dusp7;Mybl1;Klf12;Slc25a3;Arpc5;Cpd;Ywhag;Bhlhe40;Cbx5;Map7d1;Ncoa2;Siah1a;Gphn;Camsap2;Pxk;Foxn2;Ampd2;Tet1;Tet3;Dip2b;Cdk8;Rnft1;Yaf2;Gmps;Atp1b1;Uba6;Akap6
miR-491-5p,1408,94,16,0.338337325267014,1.07133040524665,Bach2;Chd3;B4galt5;Nfkbid;Lasp1;Abce1;Ier5;Elovl1;Dnmt3a;Erf;Pmf1;Adgrl1;Padi2;Trim33;Zbtb4;Zc3h7b
miR-153,1408,536,89,0.340318556176172,1.04171717943415,Ccnd2;Bach2;Fam102a;Mdn1;Inpp4b;Pde7a;Sept11;Foxo1;Ptgfrn;Tgfbr2;Mov10;Dpy19l1;E2f3;Adam19;Fyn;Utrn;Tmsb4x;Pkp4;Bcl2l11;Ext1;Traf3;Sigmar1;Slc9a6;Xylt2;Larp1;Camkk2;Canx;Tet2;Hlcs;Ski;Hspa4;Papd7;Nfatc2;Dcp2;Far1;Mat2a;Otud4;Zcchc2;Rock2;Rcan3;Ybx1;Naa50;Paxbp1;Tshz1;Ttc28;Nol4l;Ifnar2;Ago2;Nufip1;Asxl1;Ss18;Znrf2;Hipk3;Gatad2a;Iffo2;Mknk2;Lrch1;Smurf1;Zmiz1;Styx;Morc3;Rnf26;Rpl22;Cbx5;Mtdh;Kctd9;Cbfb;Zfp592;Ncoa2;Gphn;Srsf10;Ikzf1;Orc2;Pxk;Add1;Atp11c;Tet3;Sun2;Fam124b;Rnft1;Actn4;Azin1;Piga;Ddit4;Dennd1b;Ube2w;Itsn2;Akap6;Usp28
miR-451,1408,13,2,0.349351970453864,0.94878629671377,Cox10;Psmb8
miR-127/127-3p,1408,13,2,0.349351970453864,0.94878629671377,Chst15;Nfatc2
miR-99ab/100,1408,36,6,0.356185211059167,1.0439390440417,Mbnl1;Raver2;Ago2;Smarca5;Arhgef12;Hs3st3b1
miR-335/335-5p,1408,143,24,0.356676186221954,1.05343487282555,Fam65b;Crim1;Glipr2;Nucks1;Psme3;Mbnl1;Sephs1;Arpc5l;Arhgap18;Naa50;Mllt3;Ehd1;N4bp1;Asxl1;Adcy3;Thada;Gspt1;Lbh;Zfp592;Srf;Usp6nl;Etf1;Clock;Evi5
miR-653,1408,119,20,0.356819841902015,1.05507874546207,Gpr65;Ifih1;Fmnl3;Gria3;Odc1;Hacd3;Egr2;Baz1a;Elovl6;Adgrl1;Ybx1;Eif3a;Sipa1l1;Mllt3;Atp2b1;Fubp1;Zmiz1;Clock;Nus1;Ckap2
miR-421,1408,234,39,0.36143568744816,1.04499776652533,Bach2;Ipo5;Mllt6;Crim1;Acaca;Ndfip1;Fchsd2;Timp2;Hmmr;Usp12;Bcor;Ski;Sephs1;Fgf13;Trp53bp1;A830080D01Rik;Eif2s2;Tomm70a;Znrf3;Hmgb2;Lrrc4;Sbk1;Fubp1;Casd1;Gspt1;Cs;Fam49b;Mta1;Vmp1;Zc3h12a;Hnrnpdl;Srsf10;Ivns1abp;Ythdc2;Piga;Armc8;Maged1;Sfmbt1;Snx12
miR-375,1408,144,24,0.370717261280021,1.04451026846286,Inpp4b;Map3k5;Cept1;Sfxn1;Mbnl1;Hlcs;Ski;Sephs1;Dcp2;Strada;Ybx1;Serbp1;Slc11a2;Ppargc1b;Jade2;Nlk;Arhgef12;Aebp2;Prkag2;Hs3st3b1;Ahr;Atp1b1;Sfmbt1;Evi5
miR-876-5p/3167,1408,126,21,0.371919534232805,1.04441403450688,Foxm1;Nampt;Map3k5;Mbnl1;Papd7;Utp18;Eif5b;Phactr2;Abcc4;Cbarp;Baiap2;Mrpl17;Nup153;Eme1;Lpp;Acsl4;Zdhhc21;Hnrnpu;Hacd2;Chka;Ank
miR-30abcdef/30abe-5p/384-5p,1408,1071,175,0.382837490827125,1.02202323491334,Bach2;Bcl2;Chd7;Pydc4;Cotl1;Pik3cd;Rapgef4;Xpo1;Pde7a;Mthfd1l;Itgb3;Ikzf2;Stk39;Ptgfrn;Skil;Mboat1;Mov10;Tpm4;Atad2;Dpy19l1;E2f3;Cblb;Adam19;Klhdc2;Fyn;Eml4;B4galt5;Abi2;Rarg;Hspa5;Ppp3ca;Arhgef3;Zfp36l2;Tnik;Cmpk2;Arid5b;Ccnf;Ppp1r18;Timp2;Ide;Taf4b;Fkbp3;Usp14;Bcl2l11;Tusc3;Ier5;Map3k5;Sos1;Sdad1;Chl1;Pgm2;Baz1a;BC037034;Vopp1;Larp1;Bcor;Dnmt3a;Spcs3;Camkk2;Kpna3;Sept7;Itpk1;Pitpnc1;Cep41;Psme3;Ptpn2;Peak1;Mbnl1;Plekho2;Myo5a;Slc5a3;Polr3e;Rrad;Dcp2;Mat2a;Peli1;Phactr2;Dpysl2;Zcchc2;Rock2;Atp2a2;Ybx1;Lclat1;Abcc4;Pdss1;Jak1;Larp4;Atp8b2;Ppp2r1b;Nol4l;Ifnar2;Zfp280b;Rffl;Vav3;Elovl5;Ago2;Rasa2;Fam126a;Ptbp3;Rqcd1;Usp37;Ppargc1b;Atp2b1;Adam9;Sbk1;Got2;Efr3a;Mtx3;Fubp1;Lpp;Iffo2;Klf12;Rasgef1b;P4ha1;Rap1b;Elmo1;Polr3g;Zdhhc21;Slc7a6;Mmd;Atl3;Styx;Ywhag;Scamp1;Zbtb11;Rab8a;Cul2;Tbc1d2b;Mtdh;Stk35;Mta1;Psmd7;Ube2j1;Phip;Irf4;Snx16;Cbfb;Nipal1;Rcc2;Trim33;Neurl1b;B3galt6;Plxnc1;Snx30;Clock;Ivns1abp;Tet1;Chka;Phtf2;Tet3;Reep3;Mapre1;Acap2;Nus1;Susd6;Ppid;Igf2r;Lcorl;Dip2b;Ascc3;Sh2b3;Rev3l;Yaf2;Azin1;Piga;Fbxl17;Ube2r2;Ddit4;Cbx2;Vkorc1l1;Fosl2;Fam49a;Actn1;Notch1;Lrrc40
miR-129-5p/129ab-5p,1408,317,52,0.400187467883347,1.024978438427,Bach2;Pmepa1;Rapgef6;Ugcg;Zfp36l1;Slbp;G3bp1;Sgms1;Larp1;Dnmt3a;Man1a;Nr4a2;Pabpc1;Mbnl1;Sephs1;Adgrl1;Ybx1;A830080D01Rik;Tshz1;Atp8b2;Zfp281;Rbms1;Hmgb2;Tmem201;Hdgf;Ptpn1;Lrrc4;Sbk1;Prkce;Fubp1;Sec61a1;Lpp;Iffo2;Nudcd2;Styx;Ywhag;Hs3st3b1;Tox;Siah1a;Sbno1;Gprin3;Tet1;Sun2;Mapre1;Ube2r2;Cnbp;Rpgrip1;Tacc1;Actn1;Stk40;Sfmbt1;Lrrc40
miR-542-3p,1408,153,25,0.41202526411102,1.01963498447564,Bach2;Tfrc;Smurf2;Elovl1;Zadh2;Slc39a10;Nfatc2;1700025G04Rik;Ppm1b;Sptbn1;Hipk3;Jade2;Foxk2;Sec61a1;Lpp;Naa15;Klf12;Cops2;Eef1a1;Cbx5;Hnrnpu;Sri;Clock;Tet3;Sun2
miR-19ab,1408,808,131,0.433739015186339,1.0108396998109,Ccnd2;Runx3;Fam102a;S1pr1;Rapgef4;Kit;Pmepa1;Bcl3;Id2;Tnf;Stk39;Zfp827;Skil;Tgfbr2;Mllt6;Rapgef6;Zdhhc18;Cd72;Cblb;Dock10;B4galt5;Smurf2;Zfp831;Prc1;Timp2;Vps37b;Grk6;Adcy7;Pea15a;Cluh;Syt11;Mastl;Fam69a;Cd69;Zfp367;E2f8;Usp14;Bcl2l11;Rab8b;Chl1;Slc9a6;Kpna3;Mlec;Mbnl1;Enc1;Rnf19a;Nfatc2;Dcp2;Fam162a;Dock4;Lclat1;Smarca2;Sipa1l1;Tmem64;Syncrip;Npepl1;Tmem9b;Mrpl17;Prkaa1;BC048403;Rap1a;Wnk1;Znrf3;Slc11a2;Elovl5;Rbms1;Hnrnpd;Cyld;Wdr1;Il6st;Sv2a;Foxp1;Fbxo48;Hipk3;Gpcpd1;Kif1b;Macf1;Luzp1;Ptk2b;Nlk;Limd2;Mink1;Lpp;Acsl4;Cnot6l;Dusp7;Memo1;Palb2;Lrch1;Smurf1;Rap1b;Cs;Arhgef12;Ankrd12;Nacc1;Coq10b;Aebp2;Stk35;Lbh;Cbfb;Trim33;Sbno1;Ocrl;Plxnc1;Tmbim6;Zbtb4;Spg20;Ankrd29;Clock;Ivns1abp;Suz12;Lsm12;Phtf2;Tet3;Reep3;Nus1;Igf2r;Lcorl;Rbbp8;Zfp800;Polr3d;Atrx;Homer1;G3bp2;Armc8;Tacc1;Fosl2;Actn1;Sfmbt1;Pik3r3;Lrrc40
miR-18ab/4735-3p,1408,167,27,0.436436517693385,1.00659919521084,Kit;Add3;Atm;Ptgfrn;Crim1;Fchsd2;Zfp367;Elovl1;Xylt2;Mbnl1;Enc1;Dock4;Tex2;Naa50;Notch2;Syncrip;Elmsan1;Nktr;Fubp1;Lpp;Nacc1;Aebp2;Tmem248;Map7d1;Zbtb4;Irf2;Fosl2
miR-135ab/135a-5p,1408,519,84,0.444126031968124,1.00825015280376,Ccnd2;B4galnt1;Tspan31;Pik3cd;Inpp4b;Pde7a;Foxo1;Tgfbr2;Chek1;Rapgef6;Bzw2;Cblb;Ipcef1;Nampt;B4galt5;Nucks1;Gbp7;Zfp831;Slc16a6;Rap1gds1;Ankrd55;Arhgap11a;Gramd4;Pgam1;Pim2;Gria3;Abce1;Sgms1;Kpna3;Man1a;Fam178a;Pitpnc1;Ssr1;Ints2;Raver2;Ski;Dcp2;Elovl6;Tmed5;Rock2;Arhgap19;Tsen54;Syncrip;Snrk;Arhgef4;Nup153;Znrf3;Ankrd52;Ago2;Lrrfip1;Hipk3;Rnf144a;Klf16;Psip1;Ermp1;Rnf43;Map4;Parn;Bace1;Arhgef2;Ssr2;Lmbrd2;Cpd;Ywhag;Apmap;Aebp2;Rnf26;Mtdh;Stk35;Zc3hav1l;Usp42;Kcnq5;Ncoa2;Siah1a;Rnf138;Foxn2;Tet3;Kctd10;Lcorl;Stat6;Atp1b1;Rara;Prkd3;Evi5
miR-200bc/429/548a,1408,756,122,0.457735428935368,1.00464063807832,Bach2;Lfng;Bcl2;Aim1;Arhgap20;Ikzf2;Acaca;Ccnyl1;Sik1;Slc14a1;Dpy19l1;E2f3;Cblb;Fyn;Asap1;Smurf2;Gpr146;Rab37;Agfg1;Ppp1r18;Tubb5;Cish;Coro1c;Fam3c;Pim2;Dek;Hspa9;Ptpn12;Foxk1;Rab8b;Ier5;Prkca;Msn;BC037034;Dnmt3a;Sfxn1;Fam178a;Cep41;Nab1;Peak1;Sephs1;Slc5a3;Dcaf7;Anln;Dcp2;Eif5b;Dock4;Arhgap19;Tex2;Atp2a2;Ppm1b;Lpin1;A830080D01Rik;Naa50;Eif2s1;Syncrip;Cdon;Lrrc8a;Tmem164;Wnk1;Nup153;Arl2bp;Stx1a;Dnajb5;Hnrnpd;Ankrd52;Kcna2;Ago2;Rasa2;Prr11;Foxp1;Hipk3;Prkar2a;Bmi1;Fubp1;Fam60a;Iqsec1;Slc39a14;Mybl1;Klf12;Psip1;Matr3;Rap1b;Crtap;Mmd;Styx;Cpd;Ywhag;Cops2;Aebp2;Ncoa7;Cbx5;Tbc1d2b;Map4k4;Hnrnpu;Akt3;Fnbp4;Ncoa2;Trim33;Srf;Tceb1;Usp6nl;Etf1;Snx30;Gdi2;Foxn2;Suz12;Atp11c;Phtf2;Reep3;Actr3;Mapre1;Kctd10;Lcorl;Ddit4;Dennd1b;Ube2w;Zmym4;Uba6;Depdc1b;Mgat2;Evi5
miR-138/138ab,1408,398,64,0.466481095998862,1,Vim;Cotl1;Oas3;Rps6ka1;Sept11;St6galnac4;Ptgfrn;Mov10;Mllt6;Ahcyl2;Arhgef3;Gng2;Limk1;Dtx1;Dek;Usp14;Dnmt3a;Kif14;Usp10;Tet2;Ptpn2;Zdhhc3;Sfmbt2;Papd7;Rock2;Arl6ip5;Rqcd1;Nek2;Sv2a;Ankrd13b;Gatad2a;Sdc3;Macf1;Mink1;Iqsec1;Klf12;Thada;Smurf1;Gid4;Zmiz1;Nnat;Hmgxb4;Bhlhe40;Aebp2;Tmem206;Nsmf;9030617O03Rik;Arrb1;Gphn;Zbtb4;Zc3h7b;Snx30;Akap5;Atp11c;Mapre1;Thrap3;BC003331;Ube2r2;Rhobtb2;Ptp4a2;Slx4;Rara;Fosl2;Sfmbt1
miR-154/872,1408,83,13,0.468324084991856,0.96890863761415,Tnik;Dnmt3a;Slc20a1;Rragb;Sbk1;Atg7;Map4;Hnrnpr;E2f5;Cops2;Cul2;Tet3;Igf2bp3
miR-300/381/539-3p,1408,622,100,0.473967177514273,0.999738000213524,Arhgap20;Xpo1;Id2;Sept11;Foxo1;Ikzf2;Skil;Ccna2;Slc7a1;Rnf149;Mllt6;Kif11;Klhdc2;Nampt;Utrn;Nucks1;Arhgef3;Coro1c;Gramd4;Rras2;Syt11;Dek;Taf4b;Nolc1;Bcl2l11;Cdk1;Clspn;Rab8b;Ier5;Wee1;Cd44;Usp12;Mycbp2;Larp1;Exo1;Kpna3;Erf;Mbnl1;Rif1;Sephs1;Prkrir;Nasp;Rock2;Adgrl1;Sfrp2;BC052040;Smarcb1;Syncrip;Snrk;Hnrnpd;Med14;Hmgb2;Ptbp3;Asxl1;Foxp1;Nktr;Gpc1;Rnf144a;Gatad2a;Kif1b;Vprbp;Jade2;Lrrc4;Prkce;Nlk;Psip1;Map4;Hnrnpr;Zmiz1;Zfp652;Hmgxb4;Bhlhe40;Scamp1;Cbx5;Dopey1;Phip;Irf4;Fnbp4;Zfp592;Ncoa2;Siah1a;Hacd2;Sbno1;Etf1;Clock;Sorbs1;Tet3;Lcorl;Ppp1r3f;Rev3l;Azin1;Atrx;Pdap1;Cnbp;Ube2w;Armc8;Fosl2;Akap6;Stk40;Usp34
miR-190/190ab,1408,102,16,0.477396697410967,0.970595535068466,Bach2;Xpo1;Smc6;Agfg1;Myo5a;Capn2;BC052040;Nol4l;Heca;Ago2;Arpc5;Stk35;Kcnq5;Gphn;Clock;Pgm3
miR-758,1408,134,21,0.49408025095391,0.969398906891761,Bach2;Tfrc;Gnpnat1;Acaca;Nampt;Zadh2;1700025G04Rik;Notch2;Cse1l;Hipk3;Jade2;Foxk2;Ppp1r7;Cbx5;Add1;Tet3;Sun2;Fbxl17;Khsrp;Stk40;Mrpl15
miR-455-5p,1408,122,19,0.50072512397415,0.962169342268609,S1pr1;Add3;Stt3b;Chl1;Kpna3;Peak1;4930523C07Rik;Ppp1r1b;Tnks1bp1;Kif1b;Nlk;Dock9;Trim33;Suz12;Rassf3;Atp11c;Irf2;Ptp4a2;Lrrc40
miR-218/218a,1408,683,109,0.510109836475427,0.990263499912315,Atp8b4;Runx3;Rapgef4;Kit;Fam65b;Zdhhc15;Pde7a;Hectd2;Skil;Smchd1;Rcbtb1;Cblb;Fchsd2;Ankrd44;Rap1gds1;Cdca7l;Slc16a10;Fam3c;Lasp1;Plcl2;Pold3;Spsb1;Pkp4;Agpat3;Rab8b;Slc12a2;Chl1;Vopp1;Dnmt3a;Camkk2;Ssr1;Nab1;Mbnl1;Rnf19b;Ski;Sfmbt2;Sephs1;Slc5a3;Tspan5;Rcc1;Tpm3;Phactr2;Adgrl1;4930523C07Rik;Nmt2;Sfrp2;Mllt3;Dnmt3b;Nol4l;Rffl;Zmiz2;Nfatc1;Ago2;Elmsan1;Wdr1;Sv2a;Lrrfip1;Ankrd13b;Pik3c2a;Bmi1;Jade2;Zfp202;Prkce;Tcf20;Ppig;Tmed8;Fubp1;Mtmr1;Sec61a1;Gfpt1;Lpp;Naa15;Klf12;Lrch1;Ermp1;Elmo1;Zmiz1;Arhgef12;Nacc1;Serpini1;Styx;Rnf114;Zbtb11;Rab8a;Hs3st3b1;Cbx5;Rnf219;Nfe2l1;Rassf5;Kctd9;Kcnq5;Arrb1;Gprc5b;Rassf2;Plxnc1;Ikzf1;Sorbs1;Lcorl;Plgrkt;Rabep1;Faap100;Atp1b1;Rara;Tacc1;Eid3;Slc39a1;Actn1;Sfmbt1;Usp34
miR-324-5p,1408,79,12,0.511199214036968,0.934129564916274,Smurf2;Ran;Psme3;Sephs1;Rock2;Rap1a;Fubp1;Sbno1;Zbtb4;Tet3;Ggt7;Dennd1b
miR-874,1408,148,23,0.51703365929514,0.959586849882314,Parp14;Ptgfrn;E2f3;Adam19;Tnik;Gng2;Ptpn12;BC037034;A830080D01Rik;Ppp1r1b;Vav3;Luzp1;Gid4;6030458C11Rik;BC030867;Zbtb4;Lsm12;Dip2b;Gins3;Usp8;Sf3a1;Tacc1;Usp34
miR-299/299-3p/3563-3p,1408,61,9,0.527377650323224,0.902657942097475,Atn1;Abce1;Pmf1;Paxbp1;Surf2;Rnf43;Gphn;Add1;Reep3
miR-431,1408,99,15,0.533860368504977,0.931174250432995,Fam65b;Stt3b;Ptpn2;Nol4l;Ncl;N4bp1;Hipk3;Gfpt1;Lpp;Zbtb4;Irf2bp2;Susd6;Ank;Pgm3;Eif4b
miR-193/193b/193a-3p,1408,143,22,0.53527481966982,0.948045511634918,Kit;Gpr146;Irf2bpl;Dcaf7;Arhgap19;Cdon;Lrrc8a;Med14;Stmn1;Jade2;Tgfbr3;Fubp1;Dusp7;Arhgef12;Adap1;Kcnq5;Siah1a;Plxnc1;Ikzf3;Klhl2;Dip2b;Cnbp
miR-340-5p,1408,943,150,0.539254684647742,0.985620691531769,Chd7;Kit;Irf1;Smad7;Zdhhc15;Srm;Id2;Carm1;Irf9;Nfkb1;Ikzf2;Rasa3;Stk39;Zfp827;Skil;Tspan9;Mllt6;Cblb;Nucks1;Wdr43;Tspan14;Usp18;Setx;Coro1c;Ide;Urb1;P2rx4;Prkca;Mcmbp;Chl1;Hspe1;Cept1;Baz1a;Zcchc11;Dnmt3a;Kpna3;Nr4a2;Dusp2;Fam178a;Heatr3;Ranbp1;Ssr1;Arhgap29;Rif1;Ski;Sephs1;Enc1;Slc5a3;Anln;Nfatc2;Mat2a;Eif5b;Xpot;Uchl5;Dnajc2;Tiam1;Ppm1b;Plk1;Rgmb;Jak1;Tmem64;Syncrip;Cdon;Atp8b2;Tcp1;Serbp1;Pak2;Creld2;Rffl;Vav3;Rbms1;Utp15;Cyld;Med14;Fam126a;Elmsan1;Gpd2;Stt3a;Znrf2;Hipk3;Zfp287;Tnks1bp1;Xrcc5;Sdc3;Atp2b1;Lysmd2;Bmi1;Ptpn1;Macf1;Rmnd5b;Iqsec1;Lpp;Iffo2;Acsl4;Ywhaq;Ilf3;Memo1;Psip1;Casd1;Fam117b;Gspt1;Smurf1;Dbf4;Nt5c3;Zdhhc21;Scaper;Styx;Cops2;Hs3st3b1;Stk35;Tmem248;Map4k4;Ahr;Phip;Vmp1;1110032F04Rik;Siah1a;Thoc1;Cd40lg;Hacd2;Gprc5b;Usp6nl;Sbno1;B3galt6;Rnh1;Foxn2;Osm;Suz12;Rassf3;Klhl2;Acap2;Tomm40;Sumo2;Thrap3;Rnft1;Ncapd3;Rev3l;Hmgn5;Ank;Fbxl17;Homer1;Ube2w;Btbd1;Armc8;Tanc1;Igf2bp3;Tomm20;Med28;Usp28;Evi5
miR-96/507/1271,1408,781,124,0.540479972622161,0.983517294587283,Ccnd2;Bach2;Bcl2;B4galnt1;Rapgef4;Esyt1;Pmepa1;Lcp1;Smad7;Sept11;Foxo1;Tes;Tspan9;Ndrg1;Stk17b;Glipr2;Sik1;Adam19;Fyn;Nampt;Arhgef3;Zfp36l1;Tspan14;Rundc3b;Mctp2;Slc35g1;Coro1c;Gm17296;Ap1s3;Spsb1;Taf4b;Nt5dc3;Bcl2l11;Abca2;Rab8b;Dusp22;Sos1;Msn;Mycbp2;Zcchc11;Dnmt3a;Camkk2;Kpna3;Fam178a;Dgkh;Mbnl1;Zadh2;Kpnb1;Slc39a10;Arpc5l;Rftn1;Adgrl1;Dock4;Denr;Pdzd8;Tiam1;St7;Naa50;Cbarp;Pfn1;N4bp1;Rab27a;Ago2;Med14;Rqcd1;Celsr1;Fam118a;Pik3c2a;Ptpn1;Jade2;Foxk2;Usp5;Luzp1;Prkce;Fam60a;Iqsec1;Lpp;Map2k1;Plagl1;Gid4;Elmo1;Polr3g;Arhgef12;Fam49b;Nacc1;E2f5;Ywhag;Aebp2;Ppfibp1;Cbx5;Stk35;Zhx2;L1cam;Lcor;Ahr;Dock9;Phip;Snx16;Rcc2;Tox;Gprc5b;Etf1;Tmbim6;Lmnb2;Olfr976;Snx30;Clock;Klhl2;Sun2;Mapre1;Nus1;Sh3bp5;Reep2;Myo19;Azin1;Zpbp;Cbx2;Tbl1x;Tacc1;Fosl2;Slc39a1;Slc44a2;Evi5;Plscr3
miR-204/204b/211,1408,376,59,0.549123742350134,0.970056384807464,Lfng;Bcl2;Zdhhc15;Sept11;Tgfbr2;Slc16a6;Zfp36l1;Tnik;Arhgap11a;Coro1c;Ap1s3;Cluh;Dtx1;Il6ra;Sos1;Chn2;Nr4a2;Fam178a;Arhgap29;Mbnl1;Ski;Zadh2;Elovl6;Tpm3;Ap2a2;St7;Mllt3;Tmem64;Syncrip;Tomm70a;Wnk1;Znrf3;Fam126a;Elmsan1;Atp2b1;Cap2;Foxk2;Tcf20;Acsl4;Klf12;Naa40;Fam117b;Metap1;Fam160a2;Cpd;Rab8a;Ncoa7;Eef1e1;Fam122b;P4hb;Arrb1;Slc37a3;Irf2bp2;Ppic;Igf2r;Gins3;Ube2r2;Igf2bp3;Mrpl15
miR-136,1408,138,21,0.554135243597153,0.935729164171276,Ccnd2;Zfp827;Glipr2;Stt3b;Gbp7;Wdr43;Ppp1r18;E2f1;Dcaf7;Rad51;Mllt3;Snrk;Sgpl1;Usp37;Mink1;Tnrc18;Mtch2;Cpd;Etf1;Tet3;Il1rap
miR-34ac/34bc-5p/449abc/449c-5p,1408,433,68,0.554852412371533,0.970850390435228,Bcl2;Eng;Smc6;Tfrc;Ahcyl2;E2f3;Nampt;Rap1gds1;Slc2a3;Coro1c;Pea15a;Aldoa;Tmem109;Taf4b;Pkp4;Ldha;Arhgap39;Ergic1;Slc12a2;Chl1;Pgm2;Pitpnc1;Anp32a;Coq2;Sfmbt2;Myh9;Dcaf7;Sipa1;Elovl6;Cdc25a;Sema4b;Naa50;Mllt3;Notch2;Sidt1;Lef1;Zfp281;Tmem164;Ankrd52;Elmsan1;Foxp1;Ppargc1b;Jade2;Tmem134;Tmed8;Sec61a1;Limd2;Acsl4;Map2k1;Itk;Tnrc18;Elf4;Thumpd1;Metap1;E2f5;Stx17;Nfe2l1;Slc37a3;Snx30;Clock;Foxn2;Pacs1;Stat6;Zmym4;Akap6;Notch1;Slc44a2;Snx12
miR-496,1408,75,11,0.556488566345869,0.896192070277101,Chl1;Pitpnc1;Mbnl1;Sephs1;Atp2a2;Ankrd12;Srf;Akap5;Mapre1;Atp1b1;Tacc1
miR-143/1721/4770,1408,220,34,0.556997107916328,0.952820117204938,Bcl2;Add3;Mapkapk3;Rarg;Limk1;Lasp1;Dtnb;Larp1;Dnmt3a;Otud4;Tpm3;Mllt3;Larp4;Sidt1;Nfatc1;Ago2;Ptbp3;Mogs;Prpf19;Vipr1;Prkce;Tcf20;Fam60a;Hk2;Lpar2;Snx30;Phtf2;Reep3;Dip2b;Il1rap;Dennd1b;Fosl2;Akap6;Ccdc58
miR-10abc/10a-5p,1408,195,30,0.558820837915674,0.947743089038628,Bach2;Zfp827;Bri3bp;E2f3;Gbp7;Slc35g1;Pea15a;Zfp367;Bcl2l11;Mcmbp;Chl1;Cept1;Usp12;Cyth1;Kpnb1;Nfatc2;Elovl6;Cdc6;Dock11;Tiam1;Micall1;Rqcd1;Iffo2;Smurf1;Zdhhc21;Ankrd12;Nacc1;Cbx5;Mapre1;Fosl2
miR-590-3p,1408,653,103,0.562081679067439,0.975538057265978,Fam65b;Stat1;Btla;Pde3b;Irf9;Ikzf2;Smc6;Atm;Tes;Stk39;Tfrc;Ipo5;Chek1;Dpy19l1;Nampt;Ppa1;Zfp36l1;Cep55;Slc16a10;Nab2;Gria3;Taf4b;Nolc1;Nt5dc3;Nrm;Traf3;Scfd2;Htt;Msn;Baz1a;Bcor;Nol6;Kpna3;Tet2;Cep41;Psme3;Pabpc1;Pdia3;Mbnl1;1700025G04Rik;Fen1;Strada;Phactr2;Pcgf6;Rock2;Actr2;Smarca2;Sipa1l1;Tshz1;Mllt3;Syncrip;Larp4;Atp8b2;Rap1a;Wnk1;Nup133;Ptbp3;Tmem123;Elmsan1;Foxp1;Nktr;Hipk3;Hdgf;Sdc3;Lrrc4;Macf1;Got2;Prkce;Tcf20;Fubp1;Golgb1;Naa15;Gid4;Elmo1;Ranbp2;Huwe1;Styx;Stx17;Phip;Nln;Ncoa2;Hacd2;Gas2l3;Irf2bp2;Lypla2;Mapre1;Dip2b;Lrba;Azin1;Piga;Ubxn2a;Fbxl17;Tm9sf1;Zpbp;Dennd1b;Ptp4a2;Eif4b;Fosl2;Fam49a;Pik3r3;Eif3e;Usp34;Evi5
miR-31,1408,240,37,0.569938026137188,0.949876648194358,Bach2;Tspan31;Tfrc;Zdhhc18;Ppp3ca;Zfp36l1;Slbp;Sgms1;Cdk1;Sfxn1;Sephs1;Myo5a;Phactr2;Naa50;Ehd1;Tacc2;Wnk1;Vav3;Ankrd52;Prkce;Fubp1;Lpp;Dusp7;Gspt1;Supt16;Cops2;Eef1g;Cbx5;Lbh;Ikzf1;Clock;Mapre1;Myo19;Homer1;Specc1;Tacc1;Stk40
miR-338/338-3p,1408,177,27,0.57027835464059,0.938178868243937,Zdhhc18;Slc35g1;Timp2;Arpc1b;Ide;Pld3;Traf3;Msn;Dnmt3a;Galnt10;Tpm3;Trp53bp1;Actr2;Atp5g1;Larp4;Elmsan1;Srsf2;Zdhhc21;Cbfb;Trim33;Hacd2;Snx30;Tet3;Zzz3;Ppp1r3f;Lrba;Tanc1
miR-214/761/3619-5p,1408,417,65,0.578866650609152,0.961927438509195,Zdhhc15;Smyd5;Nucks1;Tle4;Pml;Cdca7l;Timp2;Dek;Map3k3;Bcl2l11;Tmie;Traf3;Rab8b;Sdad1;Larp1;Ipo11;Rangap1;Kpna3;Itpk1;Cdk6;Nfatc2;Arpc5l;Rftn1;Atp2a2;Atp5g1;Naa50;Notch2;Atp8b2;Ankrd52;Tmem97;Rqcd1;Asxl1;Hdgf;Kif1b;Jade2;Luzp1;Cdc42se1;Tmed8;Mink1;Naa15;Dusp7;Wdr89;Per1;Psip1;Kpna1;Gpn1;Arhgef12;Slc2a1;Tmem248;Hnrnpu;Rassf5;Dock9;Smarcc1;Snx30;Tet3;Mapre1;Susd6;Thrap3;Ppp1r3f;Yaf2;Ube2r2;Bckdk;H2-Ke6;Plekhj1;Snx12
miR-199ab-5p,1408,324,50,0.591473927401743,0.950563297070219,Atp1b3;Abcc1;Arrb2;Crim1;St6gal1;Cdca7l;Hipk2;Traf3;Gm2a;Map3k5;Ung;Fam178a;Wdr76;Slc25a13;Myh9;Kpnb1;Tspan5;Eif5b;Xpot;Zcchc2;Arhgap19;Larp4;Slc11a2;Parp12;Micall1;Celsr1;Gpd2;Foxp1;Nsf;Kif1b;Thumpd3;Nlk;Mink1;Naa15;Klf12;Naa40;Map4;Zdhhc21;Magt1;Scamp1;Ppfibp1;Ncoa2;Rassf2;Clock;Rassf3;Reep2;Yaf2;Plekhh1;Zfp512b;Pi4ka
miR-290-5p/292-5p/371-5p/293,1408,185,28,0.591643761023523,0.929311823710713,Smad7;Xpo1;Smc6;Slc7a1;Zfp36l2;Tkt;Gramd4;Mycbp2;Fam178a;Nab1;Xxylt1;Cdc25a;Sptbn1;Diaph2;Cyld;Tgfbr3;Lpp;Naa40;Dlg4;Zc3h12d;1110032F04Rik;Trim33;Reep3;Mapre1;Bard1;Pdap1;Fbxl17;Tanc1
miR-486-5p/3107,1408,90,13,0.598788928071428,0.879998401949958,Foxo1;Zfp827;Maml2;Smurf2;Ptpn12;Elmsan1;Naa15;Siah1a;Srf;Tet3;Piga;Armc8;Tanc1
miR-133abc,1408,464,72,0.603399103137231,0.956304263524601,Cnn2;Crtam;Shisa5;Esyt1;Xpo1;Pde7a;Abcc1;Tagln2;Appl2;Ndrg1;Tpm4;Ankrd44;Lasp1;Abca2;Arhgap39;Traf3;P2rx4;Msn;Peak1;Myh9;Ak2;Enc1;Rcl1;Sec61b;Mllt3;Snrk;Rpn1;Diaph2;Nup153;Rffl;Znrf3;Ptbp3;Rqcd1;Sv2a;Slc25a39;Foxk2;Mtx3;Sec61a1;Iqsec1;Dusp7;Faim;Per1;Cap1;Fam117b;Supt16;Map4;Ankrd12;Arpc5;Eef1a1;Ldlrap1;Eif4a1;Plxna3;Trim33;Arrb1;Ccnc;Zbtb4;Tfe3;Slc50a1;Snx30;Gdi2;Phtf2;Tet3;Nus1;Thrap3;Lcorl;Rida;Actn4;Smpd4;Fosl2;E130012A19Rik;Fam49a;Slc39a1
miR-495/1192,1408,565,88,0.605618762393879,0.960300344313192,Runx3;Inpp4b;Pde7a;Shmt2;Foxo1;Ccna2;Set;Mllt6;Crim1;Slc14a1;E2f3;Fyn;Nucks1;Smurf2;Hspa5;Zfp36l1;Eif5a;Timp2;Nab2;Ran;Gria3;Slc37a1;Hsp90aa1;Abca2;Mcmbp;Cept1;Dnmt3a;Fam178a;Sept7;Ssr1;Psme3;Cdk6;Mbnl1;Ski;Hspa4;Rad18;Cdc6;Nod1;Rock2;Lclat1;Baiap2;Arhgap5;Tfap4;Zfp281;Wnk1;Rffl;Tmem39b;Foxp1;Bmi1;Ptpn1;Jade2;Foxk2;Gtpbp1;Fubp1;Mink1;Ilf3;Supt16;Tnrc18;P4ha1;Smurf1;Zmiz1;Arhgef12;Inpp5f;Scaper;Cbx5;Zhx2;Hnrnpu;Sh2d2a;Tox;Siah1a;Thoc1;Sbno1;Etf1;Srsf10;Irf2bp2;Epb41l2;Clock;Ythdc2;Snx11;Rev3l;Ddit4;Cnbp;Dennd1b;Pgm3;Armc8;Cyb5r4;Notch1;Prkd3
miR-202-3p,1408,597,93,0.609540229435304,0.960358225952591,Ccnd2;Tnfrsf1b;Nlrc5;Hectd2;Ikzf2;Skil;Rcn1;Utrn;St6gal1;Gng2;Rrm2;Syt11;Bcap29;Taf4b;Cyth3;Map3k3;E2f6;Ikzf4;Ostf1;Rab8b;Dusp22;Nap1l1;Chn2;Usp12;Spcs3;Ipo11;Tet2;Ints2;Nab1;Peak1;Rbm38;Tspan5;Eif5b;Hmgcs1;Phactr2;4930523C07Rik;Arhgap19;Atp2a2;Slc25a4;Baiap2;Syncrip;Npepl1;Ppp2r1b;Nol4l;Snx5;Cntrl;Vav3;Ankrd52;Rgs16;Fam118a;Ppargc1b;Smim10l1;Dnajb11;Cap2;Kif1b;Sbk1;Tgfbr3;Kif2a;Lpp;Naa15;Dusp7;Cap1;Naa40;Gspt1;Kpna1;Cd200r1;Crtap;Hk2;Mmd;Styx;Ero1l;Cbx5;Stx17;Map4k4;Hif3a;Lbh;Lcor;Galnt12;Irf4;Nipal1;Trim33;Snx30;Tet3;Ddost;Sh2b3;Yaf2;Khsrp;Klhdc3;Armc8;Igf2bp3;Intu;Begain;Slc37a4
miR-126-3p,1408,19,2,0.609751319859421,0.613452440792725,Rgs3;Slc7a5
miR-17/17-5p/20ab/20b-5p/93/106ab/427/518a-3p/519d,1408,899,141,0.61241823389662,0.967509681977394,Ccnd2;Fam102a;S1pr1;Rapgef4;Sorl1;Irf1;St3gal1;Pde3b;Mcm3;Smad7;Rps6ka1;Irf9;Zfp827;Ptgfrn;Skil;Tspan9;Tgfbr2;Mllt6;Crim1;Sik1;Atad2;E2f3;Nucks1;Tle4;Gpr146;Kif23;Slc16a6;Arhgef3;Kpna2;Fmnl3;Timp2;Polq;Vasp;Fam3c;Rrm2;Limk1;Mastl;Cd69;Zfp367;Cd274;Slc12a7;Bcl2l11;P2rx4;Rab8b;Egr2;Gramd1a;Map3k5;Sos1;Wee1;E2f1;BC037034;Kpna3;Dusp2;Tet2;Rbl1;Gnl1;Plekho2;Ski;Eif5b;Elovl6;Dpysl2;Hn1;Rock2;Dock4;Tiam1;Rcan3;Sema4b;Rgmb;Jak1;Tmem64;Snrk;Ppp2r1b;Ankrd52;Cyld;Rasa2;Tmem123;Il6st;Tnks1bp1;Adam9;Arhgef18;Atg7;Luzp1;Tmed8;Fam60a;Mink1;Iqsec1;Acsl4;Sumf1;Klf12;Tnfaip1;Mknk2;Fam117b;Lrch1;Mfn2;Gid4;Polr3g;Slc25a40;Metap1;E2f5;Atl3;Styx;Ldlrap1;Rpa2;Tbc1d2b;Zhx2;Akt3;Ube2j1;Phip;Snx16;Rab11fip1;Fnbp4;Neurl1b;Rassf2;Ocrl;Zbtb4;Zc3h7b;Scamp2;Irf2bp2;Pxk;Srsf12;Clock;Osm;Pfkp;Tet1;Phtf2;Tet3;Reep3;Mapre1;Susd6;Sh3bp5;Rnft1;Zfp800;Rabep1;Ube2w;Zfp512b;Ptp4a2;Armc8;Tanc1;Fosl2;Abhd2;Sfmbt1
miR-384/384-3p,1408,155,23,0.614919037809705,0.90785638124787,Pik3cd;Ccnyl1;Gpr83;Traf3;Rab8b;Baz1a;Nup210;Hspa4;Enpp4;Hdgf;Luzp1;Nlk;Limd2;Rasgef1b;Sytl2;Cpd;Hs3st3b1;Iqgap1;Cbx5;Trim33;Clock;Lcorl;Actn1
miR-376abd/376b-3p,1408,130,19,0.623204831120781,0.891865004123763,Calr;Polq;Nfkbiz;Sgms1;Bcl2l11;Kif14;Man1a;Myh9;Rock2;Tiam1;Naa50;Larp4;Rbms1;Ago2;Prkce;Pdia6;Cops7a;Ppp1r3f;Eif4b
miR-875-5p,1408,66,9,0.633385694977858,0.822898603582797,Gnpnat1;Ptpn12;Papd7;Prkce;Casd1;Zmiz1;Zfp652;Styx;Ncoa2
miR-376c/741-5p,1408,170,25,0.643317808840824,0.898000131614382,Zdhhc15;Set;Mllt6;Smurf2;Sgms1;B4galt1;Vopp1;Herc3;Nr4a2;Papd7;Kif20a;Dcaf7;Fry;Tiam1;Sptbn1;Elmsan1;Tgfbr3;Sytl2;Hs3st3b1;Phip;Tox;Hacd2;Esf1;Sorbs1;Susd6
miR-9/9ab,1408,945,147,0.659543371680097,0.956827280427128,B4galnt1;Arhgap20;Plekha1;Esyt1;Mthfd1l;Amigo2;Carm1;Foxo1;Ikzf2;Chd3;Tfrc;Ptgfrn;Tspan9;Tgfbr2;Maml2;Gnpnat1;Hn1l;Ndrg1;Crim1;Tap1;Glipr2;Sik1;Ipo4;Pacsin1;Stt3b;Utrn;Tcf19;St6gal1;Rundc3b;Acot7;Mctp2;Slc16a10;Mapkapk2;Bora;Tmem109;Dse;Uhrf1;Taf4b;Adpgk;Sgms1;Map3k3;Bcl2l11;Ikzf4;Arhgap39;Traf3;Got1;Sos1;Prkca;Nap1l1;Mcmbp;Larp1;Camkk2;Ipo11;Pitpnc1;Peak1;Mthfd2;Mbnl1;Hlcs;Myh9;Rnf19a;Slc5a3;Pcgf6;Cdc25a;Adgrl1;Fry;Donson;Mllt3;Baiap2;Notch2;Atp8b2;Snrk;Diaph2;Pak2;Stx1a;Vav3;Ankrd52;Med14;Rasa2;Ptbp3;Fam118a;Asxl1;Foxp1;Znrf2;Hipk3;Rnf144a;Pik3c2a;Kif1b;Jade2;Gtpbp1;Gfpt1;Lpp;Slc39a14;Iffo2;Cnot6l;Klf12;Fam117b;Rap1b;Polr3g;Zdhhc21;Magt1;Plbd2;Cmah;Slc7a6;Dusp6;Ankrd12;Nacc1;Arhgef2;Ehd4;Aebp2;Hs3st3b1;Ldlrap1;Cbx5;Tmem248;Dock9;Phip;Zc3h12a;Fnbp4;Ncoa2;Ppp1r13b;Trim33;Cc2d1b;Ppip5k2;Srf;Sbno1;Armcx2;Zbtb4;Spg20;Slc50a1;Clock;Foxn2;Rassf3;Atp11c;Phtf2;Reep3;Kctd10;Susd6;Zzz3;Cdk8;Myo19;Ank;Atp1b1;Srd5a3;Igf2bp3;Slc39a1;Notch1;Pik3r3;Plscr3
miR-125a-3p/1554,1408,107,15,0.665576649123521,0.849292770973257,Sept11;E2f3;Fyn;Ndfip1;Tmem104;Brca1;Nfatc2;Dpysl2;BC052040;Flna;Nlk;Thoc1;Slc25a33;Bckdk;Pgm3
miR-216a,1408,147,21,0.678927038306832,0.867833893763543,Smad7;Tgfbr2;Acaca;Ikzf4;Htt;BC037034;Ybx1;Mllt3;Serbp1;St3gal4;Prkce;Tmed8;Ttc39b;Lpp;Bcl9;Nacc1;Nans;Sbno1;Etf1;Rnf138;Mapre1
miR-208ab/208ab-3p,1408,121,17,0.679475114556481,0.851284308585353,Ikzf2;Eml4;Kpna3;Utp18;Tpx2;Cdc6;Dpysl2;Ybx1;Snrk;Lrrc8a;Vav3;Rqcd1;Nlk;Dopey1;Kcnq5;Tmbim6;Fbxl17
miR-499-5p,1408,206,30,0.687290739165674,0.887172287310987,Ikzf2;Fyn;Eml4;Irf2bpl;Kpna3;Utp18;Tpx2;Cdc6;Dpysl2;Rcan3;Ybx1;Snrk;Nol4l;Zfp281;Lrrc8a;Vav3;Ptbp3;Rqcd1;Rragb;Fam60a;Aebp2;Eef1a1;Dopey1;Fnbp4;Kcnq5;Tmbim6;Epb41l2;Akap5;Fbxl17;Tanc1
miR-24/24ab/24-3p,1408,405,61,0.688426983103519,0.922074485075879,Sema4a;S1pr1;Tmem173;Ptgfrn;Appl2;Adam19;Eml4;Ugcg;Tspan14;Fmnl3;Pea15a;Pim2;Plcl2;Gria3;Spsb1;Agpat3;Bcl2l11;Tcerg1;Mboat7;Sdad1;Chl1;Spcs3;Kpna3;Plk3;Cct3;Mlec;Nup210;Dcp2;Arhgap19;Sema4b;H2afx;Rap1a;Ankrd52;Eml3;Usp37;Slc25a39;Atp2b1;Foxk2;Hip1r;Nlk;Tmed8;Gfpt1;Iffo2;Per1;Wdr59;Matr3;Rap1b;Rab8a;Iqgap1;Cbx5;Stx17;Sh2d2a;Sri;Rab11fip1;Podnl1;Trim33;Rnf138;Reep2;Pigs;Pgm3;Ccdc58
miR-137/137ab,1408,850,131,0.692389175550336,0.945777651115897,Bach2;Kit;Vars;Pde7a;Klf2;Smc6;Ptgfrn;Appl2;Sik1;Ahcyl2;B4galt5;Stt3b;Nucks1;Smurf2;Ugcg;Zfp36l2;Ankrd44;Cdca7l;Grk6;Fam3c;Mapkapk2;Gramd4;Ap1s3;Nab2;Agpat3;Gltp;E2f6;Traf3;Gm2a;Htt;Usp36;Fkbp4;Slc12a2;Elovl1;Baz1a;Bcor;Dnmt3a;Ssr1;Ints2;Nab1;Ptpn2;Plekho2;Zdhhc3;Raver2;Ski;Sfmbt2;Kpnb1;Papd7;Nfatc2;Zcchc2;Fry;Ybx1;Capn2;Pradc1;Naa50;Paxbp1;Cbarp;Ttc28;Syncrip;Padi2;Snrk;Prkaa1;Pak2;Sdr39u1;Dnajb5;Nfatc1;Kcna2;Med14;Cse1l;Eml3;Micall1;Sgpl1;Sv2a;Foxp1;Ss18;Gpcpd1;Nsf;Arhgef18;Jade2;Sbk1;Luzp1;Efr3a;Ggt1;Tmpo;Gfpt1;Lpp;Naa15;Klf12;Eif2s3x;Fam117b;Smurf1;Zdhhc21;Ppp1r7;Ankrd12;Styx;Tbc1d1;Cops2;Trmt6;Mtdh;Stx17;Stk35;Hnrnpu;Lbh;Plxna3;Thnsl1;Aida;Ncoa2;Glrx3;Trim33;Hnrnpdl;Sbno1;Zmym5;Zbtb4;Scamp2;Ikzf1;Rnf138;Phtf2;Acap2;Sh3bp5;Abhd6;Azin1;Dennd1b;Ube2w;Slx4;Atp1b1;Cyb5r4;Stk40;Usp28;Notch1;Pik3r3;Prkd3
miR-196abc,1408,207,30,0.697935882295404,0.882032843206155,Atp8b4;Nlrc5;Foxo1;Slc9a6;Gusb;Ssr1;Cpm;Slc25a22;Syncrip;Larp4;Hook1;Nol4l;Diaph2;Tgfbr3;Elf4;Zdhhc21;Cpd;Nup155;Psmd11;Snx16;Rab11fip1;Kcnq5;Rcc2;Smarcc1;Dcaf15;Rassf3;Kctd10;Lcorl;Igf2bp3;Sfmbt1
miR-194,1408,246,36,0.7001116851317,0.891896676950463,Runx3;Stat1;Pmepa1;Foxo1;Tfrc;Set;Slc7a5;E2f3;Nucks1;Asap1;Tmem109;Ptpn12;Sdad1;Dnmt3a;Psme3;Sephs1;1700025G04Rik;Tmed5;Naa50;Nudc;Ncl;Rffl;Elmsan1;Lrrfip1;Got2;Tbl2;Klf12;Smurf1;Ppfibp1;Zc3h12d;Hacd2;Sumo2;Rev3l;Pgm3;Depdc1b;Prkd3
miR-410/344de/344b-1-3p,1408,458,69,0.702827881904836,0.921893453030212,Kit;Pmepa1;Smad7;Carm1;Atn1;Skil;Tgfbr2;Maml2;Rapgef6;Nampt;Fchsd2;Nfkbiz;Bcl2l11;Foxk1;Arhgap39;Rab8b;Sos1;Msn;Dnmt3a;Nr4a2;Sfmbt2;Myh9;Papd7;Tmed5;Dpysl2;Rock2;Tiam1;Rgmb;Lpcat4;Paxbp1;Tmem64;Cdon;Atp8b2;Nol4l;Diaph2;Enpp4;Lrrc4;Gtpbp1;Gfod1;Gfpt1;Iqsec1;Naa15;Cbx3;Tnrc18;Zdhhc21;Slc25a3;Slc2a1;Ankrd12;Huwe1;Bhlhe40;Ero1l;Ppfibp1;Iqgap1;Zfp592;Usp6nl;Etf1;Zbtb4;Zc3h7b;Srsf12;Susd6;Lcorl;Zzz3;Ppp1r3f;Rnft1;Actn4;Yaf2;Rhobtb2;Armc8;Lrrc40
miR-329/329ab/362-3p,1408,197,28,0.729157992875376,0.861912886795802,Pmepa1;Ikzf2;Maml2;Bri3bp;Arhgap11a;Pea15a;Irf2bpl;Fam178a;Slc5a3;Slc39a10;Dpysl2;Trp53bp1;Rgmb;Mllt3;Snrk;Serbp1;Znrf3;Asxl1;Capzb;Hipk3;Ptpn1;Naa15;Elmo1;Cltb;L1cam;Lbh;Zc3h7b;Mapre1
miR-191,1408,44,5,0.73223303440649,0.667919669240928,Dcaf7;Lrrc8a;Lin54;Iffo2;Lbh
miR-377,1408,323,47,0.750649965763098,0.884868762264596,Mthfd1l;Sept11;Adgrg3;Glipr2;Dpy19l1;Nucks1;Zfp36l1;Acot7;Syt11;Ltb;Usp14;Egr2;Ergic1;Zadh2;Kpnb1;Pdzd8;Ankrd49;Cdon;Nol4l;Serbp1;Nup153;Slc11a2;Rbms1;Ankrd52;Sv2a;Capzb;Cap2;Macf1;Fubp1;Iqsec1;Naa15;Dusp7;Sumf1;Tnrc18;Polr3g;Stk35;Ncoa2;Arrb1;Srf;Ocrl;Pom121;Zbtb4;Lrba;Fbxl17;Armc8;Eif4b;Fam49a
miR-33ab/33-5p,1408,245,35,0.750904957389609,0.866486305900123,S1pr1;Smad7;Ptgfrn;Ankrd44;Arid5b;Hipk2;Gria3;Map3k3;Chn2;Cdk6;Zdhhc3;Ski;Phactr2;Pdzd8;Mllt3;Ttc28;Eif2s2;Prkaa1;Zfp281;Foxp1;Nsf;Lrrc4;Naa15;Dusp6;Mtch2;Eef1a1;Map4k4;Kcnq5;Ncoa2;Add1;Gdi2;Cpt1a;Atp11c;Fam124b;Lrba
miR-203,1408,517,77,0.754634551771726,0.90828088915259,Sik1;Fyn;Arhgef3;Ugcg;Slc16a10;Cluh;Ran;Lasp1;Taf4b;Abce1;Foxk1;Prkca;Arsb;Slc12a2;Dnmt3a;Anp32a;Mbnl1;Atp10d;Prkrir;Kpnb1;Dcp2;Elovl6;Adgrl1;Sptbn1;Lpin1;Naa50;Jak1;Syncrip;Dnmt3b;Zfp281;Rap1a;Znrf3;Vav3;Ankrd52;Med14;Atp5g3;Fam126a;Prpf19;Ankrd13b;Rnf144a;Atp2b1;Kif1b;Bmi1;Foxk2;Tesk1;Nlk;Tmed8;Kif2a;Limd2;Lpp;Ywhaq;Dnm1l;Smurf1;Hnrnpr;Zmiz1;Zfp652;Prkag2;Cul2;Cbx5;Tmem248;Kctd9;Ahr;Kcnq5;Zfp592;Clock;Ivns1abp;Tet1;Mapre1;Susd6;Igf2r;Lcorl;Pdap1;Fbxl17;Homer1;Zmym4;Fosl2;Akap6
miR-490-3p,1408,107,14,0.758640792623793,0.783486155744785,Bach2;Zdhhc18;Ptpn12;Zadh2;Kpnb1;Ankrd52;Stt3a;Usp37;Slc39a14;Rxra;Cpd;Tet3;Rnps1;Il1rap
miR-448/448-3p,1408,494,73,0.771259410111451,0.899725193422081,Ccnd2;Bach2;Bcl2;Fam102a;Mdn1;Pde7a;Hectd2;Ikzf2;Ptgfrn;Smchd1;Dpy19l1;E2f3;Adam19;Nampt;Utrn;Tmsb4x;Znhit6;Cyth3;Sigmar1;Xylt2;Kpna3;Tet2;Raver2;Ski;Hspa4;Papd7;Nfatc2;Peli1;Zcchc2;Naa50;Paxbp1;Tshz1;Baiap2;Ttc28;Jak1;Nol4l;Serbp1;Ago2;Nufip1;Stt3a;Ss18;Znrf2;Dnajb11;Iffo2;Rngtt;Smurf1;Zmiz1;Rnf26;Cbx5;Mtdh;Kctd9;Dock9;Aida;Ncoa2;Gphn;Srsf10;Dzip3;Ikzf1;Add1;Atp11c;Sun2;Fam124b;Rnft1;Actn4;Azin1;Piga;Fbxl17;Ddit4;Dennd1b;Ube2w;Armc8;Tacc1;Sfmbt1
miR-328a/328b-3p,1408,116,15,0.785908458429006,0.772661514997506,Rasgrp2;Gm2a;Psme3;H2afx;Snrk;Nol4l;Usp37;Slc7a6;Tomm40l;Zhx2;Kcnq5;Zbtb4;Susd6;Rpp14;Myo19
miR-326/330/330-5p,1408,236,33,0.785938188785529,0.844744944012018,Runx3;Abcc1;Ahcyl2;Rarg;Tspan14;Treml2;Lax1;Sos1;Larp1;Itpk1;Pdia3;Slc5a3;Atp8b2;0610007P14Rik;Gpd2;Sdc3;Nlk;Lpp;Wdr59;Plec;Metap1;Zmiz1;Magt1;Bhlhe40;Gprc5b;Lmnb2;Snx30;Gpi1;Ppp1r3f;Ggt7;Homer1;Gins3;Eif4b
miR-425/425-5p/489,1408,118,15,0.808017432958189,0.757450884593433,Arhgap9;Stk39;Zfp831;Dek;Pkp4;Mbnl1;Slc39a10;Rgmb;Mllt3;Syncrip;Hnrnpd;Iffo2;Scamp1;Rnf219;Pomt2
miR-224,1408,206,28,0.811562775578631,0.817311894225285,Inpp4b;Nr4a1;Kif23;Ttc3;Egr2;Mbnl1;Enc1;Dcaf7;Dpysl2;Zcchc2;Tmem9b;Ppp2r1b;Ect2;Nup153;Rasa2;Fam101b;Usp37;Hipk3;Acsl4;Supt16;Tnrc18;Fam49b;Atl3;L1cam;Hnrnpu;Kcnq5;Azin1;Armc8
miR-543,1408,431,62,0.819438070158736,0.871204743790674,Bach2;Fam102a;Smad7;Sept11;Mllt6;Cblb;Stt3b;Kif4;Slc16a6;Agfg1;Gng2;Arhgap11a;Gramd4;Gpr183;Npm1;Sos1;Fkbp4;Chn2;Dnmt3a;Nab1;Peak1;Pdia3;Mbnl1;Zdhhc3;Rbm38;Slc5a3;Zfp281;Dnajb5;Hmgb2;Elmsan1;Foxp1;Adam9;Foxk2;Prkce;Gfpt1;Acsl4;Gid4;Metap1;Arhgef2;Mtch2;Cpd;Cops2;Bhlhe40;Eef1a1;Cbx5;Phip;Kcnq5;Tox;Sbno1;Zbtb4;Sdf2l1;Clock;Akap5;Mapre1;Lcorl;Trmt10a;Ubxn2a;Pdap1;Atp1b1;Armc8;Tanc1;Akap6
miR-7/7ab,1408,300,42,0.820104466630063,0.844954484593611,Pik3cd;Hells;Chd3;Tfrc;Ptgfrn;Smyd5;Nucks1;Abi2;Slc16a10;Ide;Rras2;Cyth3;Pole4;Dnmt3a;Ipo11;Psme3;Nab1;Orai1;Slc5a3;Rpusd2;Tmem64;0610007P14Rik;Parp1;Celsr1;Asxl1;Rnf144a;Zfp287;Klf12;Mknk2;Gspt1;Plec;Kpna1;Map4;Zmiz1;1110032F04Rik;Zbtb4;Tet1;Susd6;Ggt7;Ddit4;G3bp2;Rpgrip1
miR-33a-3p/365/365-3p,1408,188,25,0.828406923026751,0.796834086572271,Bcl2;Rapgef4;Arrb2;Malt1;Tpm4;Nucks1;Ugcg;Ikzf4;Traf3;Sos1;Plk3;Ski;Dock4;Csk;Snrk;Ago2;Prkar2a;Jade2;Tmpo;Akt3;Smarcc1;Rev3l;Dennd1b;Pik3r3;Cmtm3
let-7/98/4458/4500,1408,844,125,0.843160765230297,0.898272070578277,Ccnd2;Atp8b4;Tnfrsf1b;Ccr7;Nlrc5;Arhgap20;Itgb3;Ikzf2;Skil;Rcn1;Rrp1b;Bzw2;Utrn;Gbp7;St6gal1;Ugcg;Tnik;Ikbke;Rrm2;Syt11;Bcap29;Map3k3;E2f6;Pld3;Ostf1;Rab8b;Dusp22;Ergic1;Nap1l1;Usp12;Fam178a;Tet2;Ints2;Cpm;Nab1;Peak1;Rbm38;Tspan5;Eif5b;Xpot;Phactr2;Tmed5;Cdc25a;Rpusd2;Atp2a2;Baiap2;Ankrd49;Syncrip;Hook1;Npepl1;Ppp2r1b;Nol4l;Snx5;Diaph2;Zfp280b;Cntrl;Vav3;Ankrd52;Ago2;Rgs16;Fam118a;Ppargc1b;Cap2;Kif1b;Ikbkap;Zfp202;Sbk1;Tgfbr3;Nlk;Gfod1;Limd2;Dusp7;Cercam;Cap1;Gspt1;Cd86;Elf4;Mapk11;Kpna1;Cd200r1;Crtap;Hk2;Cmah;E2f5;Styx;Cpd;Clpb;Ero1l;Nup155;Cbx5;Stx17;Map4k4;Hif3a;Zc3hav1l;Lbh;Lcor;Timm17b;Irf4;Snx16;Trim33;Thoc1;Sbno1;Plxnc1;Smarcc1;Pdgfb;Snx30;Dcaf15;Tet3;Lcorl;Ddost;Sh2b3;Polr3d;Piga;Plekhh1;Cbx2;Khsrp;Zfp512b;Armc8;4931428F04Rik;Igf2bp3;Begain;Akap6;Stk40;Sfmbt1;Usp38
miR-101/101ab,1408,549,79,0.854377439432481,0.869908024389502,Bach2;Ikzf2;Zfp827;Rbbp7;Tap1;Hvcn1;Cblb;Foxm1;Ndfip1;Rrm1;Arhgef3;Zfp36l2;Agfg1;Adamts10;Bcl2l11;Slc12a2;Dnmt3a;Kpna3;Tet2;Mlec;Mbnl1;Dcaf7;Tspan5;Slc39a10;Otud4;Tmed5;Zcchc2;Rock2;Baiap2;Syncrip;Tfap4;Nol4l;Prkaa1;N4bp1;Ankrd52;Med14;Hipk3;Kif1b;Lrrc4;Prkce;Tgfbr3;Mtx3;Nlk;Mllt4;Fam60a;Iqsec1;Iffo2;Klf12;Lrch1;Tnrc18;Rap1b;Metap1;Zdhhc21;Parn;Uhmk1;Nacc1;Scamp1;Aebp2;Ero1l;Akt3;Chrm3;Ppp1r13b;Srf;Tet1;Tet3;Lcorl;Dip2b;Cdk8;Lrba;Rev3l;Atrx;Gmps;Ddit4;Stat6;Atp1b1;Tanc1;Fosl2;Begain;Usp38
miR-205/205ab,1408,279,38,0.854678505139141,0.817978817041321,Bcl2;Pde3b;Pmepa1;Sept11;Stk10;Rcbtb1;Cenpe;Ran;Sgms1;Rab8b;E2f1;Brca1;Naa25;Herc3;Mfng;Enc1;Sipa1l1;Snx5;Fam126a;Hipk3;Nsf;Kif1b;Prkce;Mllt4;Dusp7;Slc7a6;Mmd;Aebp2;Rab11fip1;1110032F04Rik;Siah1a;Srsf10;Ctps2;Ivns1abp;Sorbs1;Dip2b;Gins3;Rara
miR-155,1408,246,33,0.857649226297068,0.803963197268743,S1pr1;Pde7a;Sept11;Arrb2;Rnf149;Tle4;Ikbke;Pea15a;Cd274;Usp14;Foxk1;Traf3;Sos1;Wee1;Ptpn2;Ski;Far1;Paxbp1;Ttc28;Card11;Wnk1;N4bp1;Znrf3;Fam105a;Ppig;Dusp7;Itk;Kpna1;Zfp652;Thoc1;Rnf123;Irf2bp2;Fosl2
miR-342-3p,1408,173,22,0.868354354672704,0.756566888202275,Pde3b;Sept11;Mllt6;Nucks1;Mctp2;Slc5a3;Far1;Csk;Ankrd49;Arhgef4;Znrf3;Ankrd52;Sv2a;Sfn;Lrrc4;Mink1;Cbx5;Ncoa2;Sorbs1;Zzz3;Fosl2;Stk40
miR-146ac/146b-5p,1408,141,17,0.886666053149372,0.712022778463096,Fam65b;Ptgfrn;Zfp367;Irak1;Myo5a;Cdon;Znrf3;Hnrnpd;Elmsan1;Hipk3;Nipal1;Kdm2b;Ivns1abp;Zfp512b;Slc39a1;Notch1;Trp53rka
miR-134/3118,1408,84,9,0.887740223715814,0.623876567768574,Irak1;Cdon;Rab27a;Srsf2;Ppp1r7;Bard1;Rpgrip1;Stk40;Sfmbt1
miR-29abcd,1408,788,114,0.893819820306167,0.87237623530894,Ccnd2;Bach2;Plekha1;Oxct1;Icos;Tspan9;Slc7a1;Ccnyl1;Adam19;Eml4;Gbp7;Smurf2;Zfp36l1;Tspan14;Adamts10;Gng2;Rap1gds1;Gm17296;Lasp1;Abce1;Traf3;Hdac4;Dnmt3a;Camkk2;Nkrf;Dusp2;Tet2;Ifi30;Peak1;Dgkh;Ski;Rnf19a;Dcaf7;Dcp2;1700025G04Rik;Nasp;N4bp2l1;Hmgcs1;Otud4;Slc25a22;Phactr2;Dpysl2;Cox10;Tiam1;Baiap2;Ankrd49;Syncrip;Eomes;Larp4;Dnmt3b;Sidt1;Nol4l;Diaph2;Trafd1;Stx1a;Ankrd52;Ptbp3;Elmsan1;Tmem201;Usp37;Foxp1;Nktr;Ankrd13b;Hdgf;Gpcpd1;Dnajb11;Abcb6;Luzp1;Mtx3;Cep68;Gfod1;Iffo2;Klf12;Per1;Tnfaip1;Naa40;Tnrc18;Gid4;Zdhhc21;Zmiz1;Bace1;Hs3st3b1;Ldlrap1;Cbx5;Stx17;Map4k4;Hif3a;Akt3;Ahr;Usp42;Rcc2;Ppp1r13b;Thoc1;Ppip5k2;Ppic;Pdgfb;Rnf138;Akap5;Tet1;Tet3;Dip2b;Rev3l;Cbx2;Il1rap;Dennd1b;Zfp512b;Atp1b1;Klhdc3;Armc8;Tanc1;4931428F04Rik;Med28;Pik3r3;Usp34
miR-132/212/212-3p,1408,262,34,0.906155556554283,0.772769224319485,Pde7a;Cblb;Pea15a;Rras2;Taf4b;Timm9;Brca1;Mycbp2;Zcchc11;Dnmt3a;Anp32a;Sephs1;Tmed5;Hn1;Baiap2;Ago2;Elmsan1;Gpd2;Foxp1;Lrrfip1;Usp9x;Adcy3;Hmgxb4;Ywhag;Aebp2;Ppfibp1;Hnrnpu;Vmp1;Cc2d1b;Pom121;Snx30;Rassf3;Snx11;Med28
miR-139-5p,1408,223,28,0.915953080451813,0.744297843087961,Sept11;Foxo1;Traf3;Canx;Mbnl1;Myo5a;Tspan5;Elovl5;Foxp1;Hdgf;Ywhaq;Rap1b;Slc25a3;Scaper;Ywhag;Aebp2;Dpy30;Ncoa2;Akap5;Tet3;Acap2;Azin1;Atrx;Fbxl17;Armc8;Eif4b;Notch1;Usp34
miR-485-5p/1698/1703/1962,1408,182,22,0.919722542065408,0.71312166310438,Rab8b;Man1a;Dcaf7;Mllt3;Ttc28;Arl2bp;Chpf;Zfp202;Tmed8;Iqsec1;Lpp;Slc39a14;Itk;Plec;Nelfe;Ywhag;BC030867;Ctdnep1;Pacs1;Agrn;Armc8;Abhd2
miR-185/882/3473/4306/4644,1408,147,17,0.921831709259982,0.678599509443221,Sgms1;Traf3;Pitpnc1;Enc1;Adgrl1;Lclat1;N4bp1;Ankrd52;Rqcd1;Prkar2a;Luzp1;Sumf1;Map4;Rnf26;Cbx5;Igf2r;Bard1
miR-374ab,1408,455,61,0.939268438772837,0.799303778052498,Pmepa1;Foxo1;Ikzf2;Rrp1b;Crim1;Atad2;Tle4;Gramd4;Ap1s3;Cyth3;Nfkbiz;Abce1;Ostf1;Sos1;Msn;Larp1;Dnmt3a;Nr4a2;Tet2;Pabpc1;Dennd4a;Ski;Hspa4;Kif20a;Anln;Peli1;Phactr2;Tmed5;Atp8b2;Tfap4;Eif2s2;Arl2bp;Rasa2;Foxp1;Vprbp;Prkce;Gtpbp1;Iqsec1;Lrch1;Tnrc18;Galnt11;Dusp6;Bola3;Styx;Cops2;Bhlhe40;Tmem206;L1cam;Nln;Ncoa2;Ocrl;Slc25a33;Zc3h7b;Irf2bp2;Camsap2;Tet3;Reep3;Ppp1r3f;Actn4;Dennd1b;Tacc1
miR-346,1408,87,8,0.953225359226993,0.525820703985685,Mctp2;Scml4;Mbnl1;Ago2;Kif1b;Ncoa7;Zc3h7b;Pik3r3
miR-183,1408,269,33,0.953496764232258,0.723280381967825,Bach2;Foxo1;Skil;Eml4;Tmsb4x;Gbp7;Pkp4;Rab8b;Prkca;Npc2;Sept7;Mbnl1;Tpm3;Hn1;Adgrl1;Arhgap18;Serbp1;Ago2;Foxp1;Bmi1;Arhgef18;Jade2;Srsf2;Kif2a;Tmpo;Styx;Morc3;Nfe2l1;Mta1;Zfp592;Rnf138;Foxn2;Tet1
miR-379/1193-5p/3529,1408,66,5,0.965614536343674,0.425755662209877,Ccnyl1;Ybx1;Abcc4;Macf1;Arrb1
miR-149,1408,241,28,0.969593882448073,0.679691529162295,Appl2;Ahcyl2;Cd72;Nucks1;Pml;Slc16a10;Pea15a;Cluh;Pim2;Gria3;Bcl2l11;Ext1;Cct3;Mlec;Enc1;Arhgap19;Atp2a2;Rap1a;Slc11a2;Prkar2a;Kif2a;Pno1;Tnrc18;Rap1b;Nnat;Zbtb4;Tet3;Eif4b
miR-221/222/222ab/1928,1408,264,31,0.97226249148213,0.687487555917858,Kit;Hectd2;Itgb3;Mllt6;Zfp36l2;Plcl2;Chsy1;Bcl2l11;Zadh2;Lclat1;Ankrd52;Ptbp3;Smarca5;Hipk3;Srsf2;Nlk;Styx;Ywhag;Ube2j1;Cbfb;Tox;Foxn2;Tet1;Sun2;Mapre1;Rnps1;Ddit4;Dennd1b;Irf2;Atp1b1;Tacc1
miR-378/422a/378bcdefhi,1408,92,7,0.986911778743389,0.42695880087911,Rrp1b;1700025G04Rik;Ankrd52;Coq10b;Hacd2;Sbno1;Srsf10
miR-216b/216b-5p,1408,156,14,0.993120957453898,0.509684079654257,Set;Zfp36l2;Htt;Fam178a;Enc1;Mllt3;St3gal4;Ago2;Ttc39b;Rap1b;Pigf;Sh2d2a;Snx30;Sorbs1
miR-187,1408,7,2,1,1,Hipk3;Prkar2a
miR-551a,1408,5,1,1,1,Adgrl1
miR-615-3p,1408,4,0,1,1,
miR-450a/451a,1408,5,0,1,1,
miR-503,1408,263,65,9.07700546547097e-05,1.74761097312215,Ccnd2;Il7r;Bcl2;Arhgap20;Smad7;Gpr174;Chek1;Mov10;Ccnyl1;Sik1;E2f3;Tle4;Smurf2;Kif23;Fchsd2;Slc2a3;Zfp367;Cxcl10;Wee1;Slc12a2;Usp12;Larp1;Kpna3;Ski;Dcaf7;1700025G04Rik;Phactr2;Adgrl1;Pdzd8;Actr2;Tspyl2;Snrk;Nol4l;N4bp1;Prr11;Chpf;Znrf2;Ankrd13b;Hipk3;Pik3c2a;Prkar2a;Limd2;Lpp;Iffo2;Acsl4;Naa15;Rasgef1b;Plagl1;Mfn2;Smurf1;Bcl9;Styx;Hs3st3b1;Cbx5;Nfe2l1;Phip;Kcnq5;Cc2d1b;Neurl1b;Ocrl;Rnf138;Cdk8;Pdap1;Dennd1b;Fosl2
